2026 CAI View: Medicare Report Card Master Table,,,,,,,,
Contract Number,Organization Marketing Name,Contract Name,Parent Organization,Puerto Rico Only,Part C FAC,Part D MA-PD FAC,Part D PDP FAC,Overall FAC
E3014 ,Pennsylvania Public School Employees Retirement Sy ,PSERS HOP PROGRAM ,Commonwealth of PA Pub Schools Retirement System ,No ,N/A ,N/A ,1,N/A
H0028 ,Humana ,"CHA HMO, INC. ",Humana Inc. ,No ,4,3,N/A ,4
H0029 ,Wellcare ,"COORDINATED CARE OF WASHINGTON, INC. ",Centene Corporation ,No ,N/A ,N/A ,N/A ,N/A
H0034 ,"Hamaspik, Inc. ","HAMASPIK, INC. ","Hamaspik of Rockland County, Inc. ",No ,7,5,N/A ,8
H0062 ,Wellcare By Allwell ,"SUPERIOR HEALTHPLAN, INC. ",Centene Corporation ,No ,N/A ,N/A ,N/A ,N/A
H0074 ,Wellcare ,"WELLCARE OF MISSISSIPPI, INC. ",Centene Corporation ,No ,5,4,N/A ,6
H0104 ,Blue Cross and Blue Shield of Alabama ,BLUE CROSS AND BLUE SHIELD OF ALABAMA ,BlueCross BlueShield of Alabama ,No ,2,2,N/A ,2
H0107 ,Blue Cross and Blue Shield of Montana ,HEALTH CARE SERVICE CORPORATION ,Health Care Service Corporation ,No ,1,1,N/A ,1
H0111 ,Wellcare ,"WELLCARE OF GEORGIA, INC. ",Centene Corporation ,No ,5,4,N/A ,6
H0154 ,VIVA Medicare ,"VIVA HEALTH, INC. ","Triton Health Systems, L.L.C. ",No ,5,4,N/A ,6
H0169 ,UnitedHealthcare ,"UNITEDHEALTHCARE OF WISCONSIN, INC. ","UnitedHealth Group, Inc. ",No ,8,6,N/A ,9
H0174 ,Wellcare ,"WELLCARE OF TEXAS, INC. ",Centene Corporation ,No ,6,4,N/A ,7
H0251 ,UnitedHealthcare ,"UNITEDHEALTHCARE PLAN OF THE RIVER VALLEY, INC. ","UnitedHealth Group, Inc. ",No ,8,6,N/A ,9
H0270 ,Wellcare ,WELLCARE HEALTH INSURANCE COMPANY OF AMERICA ,Centene Corporation ,No ,5,4,N/A ,7
H0292 ,Humana ,"HUMANA HEALTH PLAN OF OHIO, INC. ",Humana Inc. ,No ,4,3,N/A ,4
H0294 ,UnitedHealthcare ,UNITEDHEALTHCARE INSURANCE COMPANY ,"UnitedHealth Group, Inc. ",No ,3,2,N/A ,3
H0302 ,Blue Cross Blue Shield of Arizona (AZ Blue) ,"MEDISUN, INC. ",Blue Cross Blue Shield of Arizona ,No ,2,2,N/A ,2
H0321 ,UnitedHealthcare ,"ARIZONA PHYSICIANS IPA, INC. ","UnitedHealth Group, Inc. ",No ,8,6,N/A ,9
H0332 ,KelseyCare Advantage ,"KS PLAN ADMINISTRATORS, LLC ","UnitedHealth Group, Inc. ",No ,2,2,N/A ,2
H0342 ,CarePartners of Connecticut ,"CAREPARTNERS OF CONNECTICUT, INC. ","Point32Health, Inc. ",No ,2,2,N/A ,2
H0351 ,Wellcare By Allwell ,"HEALTH NET OF ARIZONA, INC. ",Centene Corporation ,No ,4,3,N/A ,5
H0354 ,Cigna HealthCare ,"BRAVO HEALTH PENNSYLVANIA, INC. ",Health Care Service Corporation ,No ,3,2,N/A ,3
H0363 ,Longevity Health Plan ,"LONGEVITY HEALTH PLAN OF COLORADO, INC. ","Longevity Health Founders, LLC ",No ,7,5,N/A ,8
H0413 ,Devoted Health ,DEVOTED HEALTH INSURANCE COMPANY OF DELAWARE ,"Devoted Health, Inc. ",No ,N/A ,N/A ,N/A ,N/A
H0421 ,UnitedHealthcare ,CARE IMPROVEMENT PLUS SOUTH CENTRAL INSURANCE CO. ,"UnitedHealth Group, Inc. ",No ,N/A ,N/A ,N/A ,N/A
H0423 ,MetroPlus Health Plan ,"METROPLUS HEALTH PLAN, INC. ",New York City Health and Hospitals Corporation ,No ,6,5,N/A ,8
H0432 ,UnitedHealthcare ,"UNITEDHEALTHCARE OF THE MIDLANDS, INC. ","UnitedHealth Group, Inc. ",No ,5,4,N/A ,7
H0439 ,Cigna HealthCare ,"HEALTHSPRING LIFE & HEALTH INSURANCE COMPANY, INC. ",Health Care Service Corporation ,No ,5,3,N/A ,6
H0473 ,Humana ,HUMANA INSURANCE COMPANY OF KENTUCKY ,Humana Inc. ,No ,4,3,N/A ,4
H0504 ,Blue Shield of California ,CALIFORNIA PHYSICIANS' SERVICE ,California Physicians' Service ,No ,2,2,N/A ,2
H0523 ,Aetna Medicare ,AETNA HEALTH OF CALIFORNIA INC. ,CVS Health Corporation ,No ,4,3,N/A ,4
H0524 ,Kaiser Permanente ,"KAISER FOUNDATION HP, INC. ","Kaiser Foundation Health Plan, Inc. ",No ,2,2,N/A ,2
H0543 ,UnitedHealthcare ,UHC OF CALIFORNIA ,"UnitedHealth Group, Inc. ",No ,4,3,N/A ,4
H0544 ,Anthem Blue Cross ,BLUE CROSS OF CALIFORNIA ,"Elevance Health, Inc. ",No ,4,3,N/A ,4
H0562 ,Wellcare By Health Net ,"HEALTH NET OF CALIFORNIA, INC. ",Centene Corporation ,No ,4,2,N/A ,4
H0571 ,CCHP (Chinese Community Health Plan) ,CHINESE COMMUNITY HEALTH PLAN ,Chinese Hospital Association ,No ,4,2,N/A ,4
H0609 ,UnitedHealthcare ,"UnitedHealthcare Benefits of Texas, Inc. ","UnitedHealth Group, Inc. ",No ,4,3,N/A ,4
H0624 ,UnitedHealthcare ,"UnitedHealthcare Benefits of Texas, Inc. ","UnitedHealth Group, Inc. ",No ,8,6,N/A ,9
H0628 ,Aetna Medicare ,AETNA HEALTH OF OHIO INC. ,CVS Health Corporation ,No ,5,4,N/A ,6
H0629 ,Anthem Blue Cross and Blue Shield ,"ANTHEM INSURANCE COMPANIES, INC. ","Elevance Health, Inc. ",No ,N/A ,N/A ,N/A ,N/A
H0630 ,Kaiser Permanente ,KAISER FOUNDATION HP OF CO ,"Kaiser Foundation Health Plan, Inc. ",No ,2,2,N/A ,2
H0672 ,Cigna HealthCare ,"CIGNA HEALTHCARE OF COLORADO, INC. ",Health Care Service Corporation ,No ,4,3,N/A ,5
H0710 ,UnitedHealthcare ,CARE IMPROVEMENT PLUS SOUTH CENTRAL INSURANCE CO. ,"UnitedHealth Group, Inc. ",No ,7,4,N/A ,8
H0712 ,Wellcare ,"WELLCARE OF CONNECTICUT, INC. ",Centene Corporation ,No ,7,5,N/A ,8
H0724 ,Wellcare By Allwell ,"BUCKEYE HEALTH PLAN COMMUNITY SOLUTIONS, Inc. ",Centene Corporation ,No ,N/A ,N/A ,N/A ,N/A
H0738 ,AmeriHealth Caritas VIP Care (HMO-D-SNP) ,"AmeriHealth Caritas VIP Next, Inc. ","Independence Health Group, Inc. ",No ,8,6,N/A ,9
H0755 ,UnitedHealthcare ,CARE IMPROVEMENT PLUS SOUTH CENTRAL INSURANCE CO. ,"UnitedHealth Group, Inc. ",No ,3,2,N/A ,3
H0764 ,UnitedHealthcare ,"UNITEDHEALTHCARE OF NEW ENGLAND, INC. ","UnitedHealth Group, Inc. ",No ,8,6,N/A ,9
H0777 ,Mass General Brigham Health Plan ,"MASS GENERAL BRIGHAM HEALTH PLAN, INC ",Mass General Brigham Incorporated ,No ,N/A ,N/A ,N/A ,N/A
H0783 ,Humana ,"HUMANA BENEFIT PLAN OF TEXAS, INC. ",Humana Inc. ,No ,5,3,N/A ,5
H0816 ,MyAdvocate Medicare Advantage ,"BESHP, INC. ",Sanford Health ,No ,N/A ,N/A ,N/A ,N/A
H0885 ,Braven Health ,HEALTHIER NEW JERSEY INSURANCE COMPANY ,"Horizon Mutual Holdings, Inc ",No ,3,2,N/A ,2
H0907 ,Wellpoint ,"WELLPOINT IOWA, INC. ","Elevance Health, Inc. ",No ,8,6,N/A ,9
H0908 ,Wellcare By Allwell ,"BUCKEYE COMMUNITY HEALTH PLAN, INC. ",Centene Corporation ,No ,6,4,N/A ,7
H0913 ,Wellcare ,"WELLCARE HEALTH PLANS OF NEW JERSEY, INC. ",Centene Corporation ,No ,6,4,N/A ,7
H0963 ,Humana ,"HUMANA MEDICAL PLAN OF MICHIGAN, INC. ",Humana Inc. ,No ,N/A ,N/A ,N/A ,N/A
H0976 ,SCAN Health Plan ,SCAN HEALTH PLAN ,SCAN Group ,No ,6,5,N/A ,5
H0978 ,SCAN Health Plan ,"SCAN HEALTH PLAN NEVADA, INC. ",SCAN Group ,No ,3,2,N/A ,3
H0982 ,Solis Health Plans ,"SOLIS HEALTH PLANS, INC. ","Athena Healthcare Holdings, LLC ",No ,6,2,N/A ,5
H1019 ,"CarePlus Health Plans, Inc. ","CAREPLUS HEALTH PLANS, INC. ",Humana Inc. ,No ,4,3,N/A ,5
H1032 ,Wellcare ,"Sunshine State Health Plan, Inc. ",Centene Corporation ,No ,5,4,N/A ,6
H1035 ,Florida Blue HMO ,"FLORIDA BLUE MEDICARE, INC. ",Guidewell Mutual Holding Corporation ,No ,3,2,N/A ,3
H1036 ,Humana ,"HUMANA MEDICAL PLAN, INC. ",Humana Inc. ,No ,4,3,N/A ,5
H1045 ,UnitedHealthcare ,"PREFERRED CARE PARTNERS, INC. ","UnitedHealth Group, Inc. ",No ,4,3,N/A ,5
H1099 ,"Health First Health Plans, Inc. ",HEALTH FIRST HEALTH PLANS ,"Health First Shared Services, Inc. ",No ,2,2,N/A ,2
H1109 ,Aetna Medicare ,AETNA HEALTH INC.(GA) ,CVS Health Corporation ,No ,3,2,N/A ,3
H1112 ,Wellcare ,"WELLCARE OF GEORGIA, INC. ",Centene Corporation ,No ,6,4,N/A ,7
H1119 ,Valor Health Plan ,"TSG GUARD, INC. ","The Schroer Group, Inc. ",No ,7,5,N/A ,8
H1170 ,Kaiser Permanente ,"KAISER FOUNDATION HP OF GA, INC. ","Kaiser Foundation Health Plan, Inc. ",No ,2,2,N/A ,2
H1181 ,Network Health Medicare Advantage Plans ,NETWORK HEALTH INSURANCE CORPORATION ,"Network Health, Inc. ",No ,1,N/A ,N/A ,N/A
H1189 ,CHRISTUS Health Advantage ,CHRISTUS HEALTH PLAN ,CHRISTUS Health ,No ,3,2,N/A ,3
H1206 ,Aetna Medicare ,"COVENTRY HEALTH CARE OF ILLINOIS, INC. ",CVS Health Corporation ,No ,3,3,N/A ,4
H1212 ,Wellpoint ,"WELLPOINT WEST VIRGINIA , INC. ","Elevance Health, Inc. ",No ,N/A ,N/A ,N/A ,N/A
H1215 ,Wellcare ,"NEBRASKA TOTAL CARE, INC. ",Centene Corporation ,No ,5,4,N/A ,7
H1224 ,L.A. Care Health Plan ,LOCAL INITIATIVE HEALTH AUTHORITY FOR LA COUNTY ,Local Initiative Health Authority for LA County ,No ,6,5,N/A ,8
H1225 ,Johns Hopkins Advantage MD ,"HOPKINS HEALTH ADVANTAGE, INC. ",Johns Hopkins Healthcare LLC ,No ,4,3,N/A ,4
H1230 ,Kaiser Permanente ,"KAISER FOUNDATION HP, INC. ","Kaiser Foundation Health Plan, Inc. ",No ,2,2,N/A ,2
H1248 ,Blue Cross and Blue Shield of Louisiana ,LOUISIANA HEALTH SERVICE & INDEMNITY COMPANY ,Louisiana Health Service & Indemnity Company ,No ,1,1,N/A ,1
H1278 ,UnitedHealthcare ,CARE IMPROVEMENT PLUS SOUTH CENTRAL INSURANCE CO. ,"UnitedHealth Group, Inc. ",No ,3,2,N/A ,2
H1280 ,eternalHealth ,"ETERNALHEALTH, INC. ","Eternal Health of Delaware, Inc. ",No ,5,3,N/A ,6
H1285 ,UnitedHealthcare Community Plan ,"UNITEDHEALTHCARE COMMUNITY PLAN OF OHIO, INC. ","UnitedHealth Group, Inc. ",No ,N/A ,N/A ,N/A ,N/A
H1290 ,Devoted Health ,"DEVOTED HEALTH PLAN OF FLORIDA, INC. ","Devoted Health, Inc. ",No ,6,3,N/A ,5
H1302 ,Blue Cross of Idaho ,"BLUE CROSS OF IDAHO HEALTH SERVICE, INC. ","Gemstone Holdings, Inc. ",No ,1,1,N/A ,1
H1304 ,Regence BlueShield of Idaho ,"REGENCE BLUESHIELD OF IDAHO, INC. ","Cambia Health Solutions, Inc. ",No ,2,2,N/A ,2
H1339 ,Johns Hopkins Advantage MD ,"JOHNS HOPKINS HEALTH PLAN OF VIRGINIA, INC. ",Johns Hopkins Healthcare LLC ,No ,5,4,N/A ,6
H1347 ,Patrius Health ,"PATRIUS HEALTH, INC. ",BlueCross BlueShield of Alabama ,No ,2,2,N/A ,2
H1350 ,Blue Cross of Idaho ,"BLUE CROSS OF IDAHO HEALTH SERVICE, INC. ","Gemstone Holdings, Inc. ",No ,2,2,N/A ,2
H1360 ,UnitedHealthcare ,"UnitedHealthcare Benefits of Texas, Inc. ","UnitedHealth Group, Inc. ",No ,7,5,N/A ,8
H1365 ,Martin's Point Generations Advantage ,"MARTIN'S POINT GENERATIONS ADVANTAGE, INC. ","Martin's Point Health Care, Inc. ",No ,2,2,N/A ,2
H1372 ,AgeRight Advantage ,"MARQUIS ADVANTAGE, INC. ","Marquis Companies I, Inc. ",No ,7,4,N/A ,8
H1395 ,Wellcare ,"NEBRASKA TOTAL CARE, INC. ",Centene Corporation ,No ,5,4,N/A ,6
H1396 ,Humana ,"HUMANA BENEFIT PLAN OF SOUTH CAROLINA, INC. ",Humana Inc. ,No ,N/A ,N/A ,N/A ,N/A
H1416 ,Wellcare ,"HARMONY HEALTH PLAN,  INC. ",Centene Corporation ,No ,6,4,N/A ,7
H1423 ,Wellpoint ,"WELLPOINT HEALTH PLANS, INC. ","Elevance Health, Inc. ",No ,4,3,N/A ,5
H1468 ,Humana ,"HUMANA BENEFIT PLAN OF ILLINOIS, INC. ",Humana Inc. ,No ,4,3,N/A ,5
H1486 ,"Commonwealth Care Alliance, Inc. ","COMMONWEALTH CARE ALLIANCE, INC. ",CareSource ,No ,N/A ,N/A ,N/A ,N/A
H1526 ,Gold Kidney Health Plan ,GOLD KIDNEY OF FLORIDA INC ,Gold Kidney Health Plan ,No ,4,3,N/A ,4
H1537 ,UnitedHealthcare ,UNITEDHEALTHCARE INSURANCE COMPANY ,"UnitedHealth Group, Inc. ",No ,1,1,N/A ,1
H1587 ,Tribute Health Plans ,"ARKANSAS SUPERIOR SELECT, INC. ","Select Founders, LLC ",No ,7,5,N/A ,8
H1607 ,Anthem Blue Cross and Blue Shield ,"ANTHEM INSURANCE COMPANIES, INC. ","Elevance Health, Inc. ",No ,3,2,N/A ,2
H1608 ,Aetna Medicare ,COVENTRY HEALTH AND LIFE INSURANCE COMPANY ,CVS Health Corporation ,No ,4,3,N/A ,4
H1609 ,Aetna Medicare ,AETNA HEALTH INC. (FL) ,CVS Health Corporation ,No ,4,3,N/A ,5
H1610 ,Aetna Better Health of Virginia ,"COVENTRY HEALTH CARE OF VIRGINIA, INC. ",CVS Health Corporation ,No ,8,6,N/A ,9
H1611 ,Mass General Brigham Health Plan ,"MASS GENERAL BRIGHAM HEALTH PLAN, INC ",Mass General Brigham Incorporated ,No ,N/A ,N/A ,N/A ,N/A
H1619 ,Jefferson Health Plans ,PARTNERS INSURANCE COMPANY INC ,Thomas Jefferson University ,No ,3,2,N/A ,3
H1644 ,Longevity Health Plan ,"LONGEVITY HEALTH PLAN OF FLORIDA, INC. ","Longevity Health Founders, LLC ",No ,7,5,N/A ,8
H1651 ,"Medical Associates Health Plan, Inc. ","MEDICAL ASSOCIATES HEALTH PLAN, INC. ","Medical Associates Clinic, P.C. ",No ,2,N/A ,N/A ,N/A
H1659 ,UnitedHealthcare ,CARE IMPROVEMENT PLUS SOUTH CENTRAL INSURANCE CO. ,"UnitedHealth Group, Inc. ",No ,4,3,N/A ,4
H1664 ,Wellcare By Allwell ,"HOME STATE HEALTH PLAN, INC. ",Centene Corporation ,No ,5,4,N/A ,7
H1666 ,"Blue Cross and Blue Shield of NM, TX ",HCSC INSURANCE SERVICES COMPANY ,Health Care Service Corporation ,No ,3,2,N/A ,2
H1671 ,Community Health Plan of Imperial Valley ,IMPERIAL COUNTY LOCAL HEALTH AUTHORITY ,IMPERIAL COUNTY LOCAL HEALTH AUTHORITY ,No ,N/A ,N/A ,N/A ,N/A
H1692 ,Aetna Medicare ,"COVENTRY HEALTH CARE OF WEST VIRGINIA, INC. ",CVS Health Corporation ,No ,6,5,N/A ,7
H1722 ,Healthfirst Medicare Plan ,"HEALTHFIRST HEALTH PLAN, INC. ","Healthfirst, Inc. ",No ,3,2,N/A ,3
H1787 ,Great Plains Medicare Advantage ,SANFORD HEALTH PLAN ,Sanford Health ,No ,6,3,N/A ,8
H1799 ,Passport Advantage ,"MOLINA HEALTHCARE OF KENTUCKY, INC. ","Molina Healthcare, Inc. ",No ,7,5,N/A ,8
H1822 ,SCAN Health Plan ,"SCAN DESERT HEALTH PLAN, INC. ",SCAN Group ,No ,4,3,N/A ,4
H1846 ,MediGold ,MOUNT CARMEL HEALTH INSURANCE COMPANY ,Trinity Health Corporation ,No ,1,1,N/A ,1
H1862 ,Wellcare ,"WELLCARE HEALTH PLANS OF VERMONT, INC. ",Centene Corporation ,No ,5,4,N/A ,6
H1889 ,UnitedHealthcare ,CARE IMPROVEMENT PLUS SOUTH CENTRAL INSURANCE CO. ,"UnitedHealth Group, Inc. ",No ,6,5,N/A ,7
H1894 ,Wellpoint ,"WELLPOINT WASHINGTON, INC. ","Elevance Health, Inc. ",No ,7,5,N/A ,8
H1914 ,Wellcare ,"WELLCARE HEALTH INSURANCE OF CONNECTICUT, INC. ",Centene Corporation ,No ,4,3,N/A ,5
H1947 ,Healthy Blue ,"COMMUNITY CARE HEALTH PLAN OF LOUISIANA, INC. ","Elevance Health, Inc. ",No ,8,6,N/A ,9
H1951 ,Humana ,"HUMANA HEALTH BENEFIT PLAN OF LOUISIANA, INC. ",Humana Inc. ,No ,5,3,N/A ,5
H1961 ,Peoples Health ,"PEOPLES HEALTH, INC. ","UnitedHealth Group, Inc. ",No ,5,4,N/A ,6
H1969 ,Regence BlueShield of Idaho ,"REGENCE BLUESHIELD OF IDAHO, INC. ","Cambia Health Solutions, Inc. ",No ,3,2,N/A ,2
H1993 ,Astiva Health ,"ASTIVA HEALTH, INC. ",Astiva Health Holdings Incorporated ,No ,4,2,N/A ,4
H1994 ,Select Health ,"SELECTHEALTH, INC. ","Intermountain Health Care, Inc. ",No ,3,2,N/A ,2
H1997 ,Regence BlueShield ,REGENCE BLUESHIELD ,"Cambia Health Solutions, Inc. ",No ,2,2,N/A ,2
H2001 ,UnitedHealthcare ,"SIERRA HEALTH AND LIFE INSURANCE COMPANY, INC. ","UnitedHealth Group, Inc. ",No ,3,2,N/A ,3
H2029 ,Humana ,"HUMANA INSURANCE OF PUERTO RICO, INC. ",Humana Inc. ,Yes ,6,3,N/A ,5
H2032 ,Baylor Scott & White Health Plan ,Baylor Scott & White Insurance Company ,Baylor Scott & White Health ,No ,1,1,N/A ,1
H2034 ,Community Care ,"COMMUNITY CARE HEALTH PLAN, INC. ","Community Care, Inc. ",No ,8,6,N/A ,9
H2035 ,Alameda Alliance for Health ,ALAMEDA ALLIANCE FOR HEALTH ,Alameda Alliance for Health ,No ,N/A ,N/A ,N/A ,N/A
H2041 ,Devoted Health ,DEVOTED HEALTH PLAN OF MISSOURI INC ,"Devoted Health, Inc. ",No ,N/A ,N/A ,N/A ,N/A
H2056 ,Aetna Medicare ,AETNA BETTER HEALTH OF MICHIGAN INC. ,CVS Health Corporation ,No ,4,3,N/A ,5
H2108 ,Cigna HealthCare ,"BRAVO HEALTH MID-ATLANTIC, INC. ",Health Care Service Corporation ,No ,5,4,N/A ,6
H2117 ,Wellcare ,"MERIDIAN HEALTH PLAN OF MICHIGAN, INC. ",Centene Corporation ,No ,6,5,N/A ,7
H2126 ,Neighborhood Health Plan of Rhode Island ,NEIGHBORHOOD HEALTH PLAN OF RHODE ISLAND ,NEIGHBORHOOD HEALTH PLAN OF RHODE ISLAND ,No ,N/A ,N/A ,N/A ,N/A
H2162 ,Wellcare ,"WELLCARE OF NEW HAMPSHIRE, INC. ",Centene Corporation ,No ,5,4,N/A ,7
H2168 ,VillageCareMAX ,VILLAGE SENIOR SERVICES CORPORATION ,"Village Care of New York, Inc. ",No ,6,5,N/A ,8
H2172 ,Kaiser Permanente ,KAISER FDTN HLTH PLAN OF THE MID-ATLANTIC STATES ,"Kaiser Foundation Health Plan, Inc. ",No ,4,2,N/A ,3
H2174 ,Wellcare By Trillium ,"TRILLIUM COMMUNITY HEALTH PLAN, INC. ",Centene Corporation ,No ,8,6,N/A ,9
H2185 ,Lifeworks Advantage ,"LIFEWORKS ADVANTAGE, LLC ","Curana Health Holdings, LLC ",No ,8,6,N/A ,9
H2224 ,Molina Healthcare ,"SENIOR WHOLE HEALTH, LLC ","Molina Healthcare, Inc. ",No ,6,5,N/A ,5
H2225 ,Commonwealth Care Alliance Massachusetts ,"COMMONWEALTH CARE ALLIANCE, INC. ",CareSource ,No ,7,5,N/A ,8
H2226 ,UnitedHealthcare ,UNITEDHEALTHCARE INSURANCE COMPANY ,"UnitedHealth Group, Inc. ",No ,6,5,N/A ,5
H2230 ,Blue Cross Blue Shield of Massachusetts ,"BCBS  OF MASSACHUSETTS HMO BLUE, INC. ","Blue Cross and Blue Shield of Massachusetts, Inc. ",No ,2,2,N/A ,2
H2235 ,BayCare Health Plans ,"BAYCARE SELECT HEALTH PLANS, INC. ","BayCare Health System, Inc. ",No ,1,1,N/A ,1
H2237 ,iCare ,INDEPENDENT CARE HEALTH PLAN ,Humana Inc. ,No ,8,6,N/A ,9
H2247 ,UnitedHealthcare ,"UNITEDHEALTHCARE COMMUNITY PLAN, INC. ","UnitedHealth Group, Inc. ",No ,8,6,N/A ,9
H2256 ,Tufts Health Plan ,TUFTS ASSOCIATED HEALTH MAINTENANCE ORGANIZATION ,"Point32Health, Inc. ",No ,3,2,N/A ,3
H2261 ,Blue Cross Blue Shield of Massachusetts ,"BCBS  OF MASSACHUSETTS HMO BLUE, INC. ","Blue Cross and Blue Shield of Massachusetts, Inc. ",No ,3,2,N/A ,2
H2272 ,UnitedHealthcare ,"UNITEDHEALTHCARE OF NEW ENGLAND, INC. ","UnitedHealth Group, Inc. ",No ,8,6,N/A ,9
H2292 ,UnitedHealthcare ,CARE IMPROVEMENT PLUS SOUTH CENTRAL INSURANCE CO. ,"UnitedHealth Group, Inc. ",No ,7,3,N/A ,8
H2293 ,Aetna Medicare ,SILVERSCRIPT INSURANCE COMPANY ,CVS Health Corporation ,No ,4,3,N/A ,5
H2320 ,Priority Health Medicare ,PRIORITY HEALTH ,Corewell Health ,No ,2,2,N/A ,2
H2322 ,HAP Senior Plus (PPO) ,ALLIANCE HEALTH AND LIFE INSURANCE COMPANY ,Henry Ford Health System ,No ,2,2,N/A ,2
H2354 ,HAP Senior Plus ,HEALTH ALLIANCE PLAN OF MICHIGAN ,Henry Ford Health System ,No ,2,2,N/A ,2
H2385 ,UnitedHealthcare ,UNITEDHEALTHCARE INSURANCE COMPANY ,"UnitedHealth Group, Inc. ",No ,N/A ,N/A ,N/A ,N/A
H2392 ,Kansas Health Advantage ,"KANSAS SUPERIOR SELECT, INC. ",Kansas Superior Select ,No ,8,6,N/A ,9
H2400 ,Signature Advantage (HMO SNP) ,"SIGNATURE ADVANTAGE, LLC ","BrightSpring Health Services, Inc. ",No ,7,5,N/A ,8
H2406 ,UnitedHealthcare ,CARE IMPROVEMENT PLUS SOUTH CENTRAL INSURANCE CO. ,"UnitedHealth Group, Inc. ",No ,4,3,N/A ,4
H2416 ,PrimeWest Health ,PRIMEWEST RURAL MN HEALTH CARE ACCESS INITIATIVE ,PrimeWest Rural MN Health Care Access Initiative ,No ,7,5,N/A ,8
H2417 ,Itasca Medical Care/IMCare Classic ,ITASCA MEDICAL CARE ,Itasca County ,No ,7,5,N/A ,8
H2419 ,South Country Health Alliance ,SOUTH COUNTRY HEALTH ALLIANCE ,South Country Health Alliance ,No ,7,5,N/A ,8
H2422 ,HealthPartners ,"HEALTHPARTNERS, INC. ","HealthPartners, Inc. ",No ,6,5,N/A ,8
H2425 ,Blue Plus ,HMO Minnesota ,"Aware Integrated, Inc. ",No ,6,5,N/A ,8
H2441 ,Anthem Blue Cross and Blue Shield ,"ANTHEM INSURANCE COMPANIES, INC. ","Elevance Health, Inc. ",No ,N/A ,N/A ,N/A ,N/A
H2445 ,UnitedHealthcare ,"UNITEDHEALTHCARE OF THE MID-ATLANTIC, INC. ","UnitedHealth Group, Inc. ",No ,N/A ,N/A ,N/A ,N/A
H2450 ,Medica ,MEDICA INSURANCE COMPANY ,Medica Holding Company ,No ,1,1,N/A ,1
H2456 ,UCare's MSHO ,UCARE MINNESOTA ,UCare Minnesota ,No ,7,5,N/A ,8
H2458 ,Medica ,MEDICA HEALTH PLANS ,Medica Holding Company ,No ,7,5,N/A ,8
H2459 ,UCare ,UCARE MINNESOTA ,UCare Minnesota ,No ,1,1,N/A ,1
H2461 ,Blue Cross and Blue Shield of Minnesota ,"BCBSM, Inc. ","Aware Integrated, Inc. ",No ,1,1,N/A ,1
H2462 ,HealthPartners ,"HEALTHPARTNERS, INC. ","HealthPartners, Inc. ",No ,1,1,N/A ,1
H2463 ,Humana ,"HUMANA HEALTH PLAN OF TEXAS, INC. ",Humana Inc. ,No ,4,3,N/A ,4
H2478 ,Molina Healthcare of Nevada ,MOLINA HEALTHCARE OF NEVADA INC ,"Molina Healthcare, Inc. ",No ,7,4,N/A ,8
H2486 ,Humana ,"HUMANA MEDICAL PLAN OF UTAH, INC. ",Humana Inc. ,No ,3,2,N/A ,3
H2491 ,Wellcare ,"WELLCARE HEALTH INSURANCE OF ARIZONA, INC. ",Centene Corporation ,No ,6,4,N/A ,7
H2509 ,UnitedHealthcare ,"UNITEDHEALTHCARE OF FLORIDA, INC. ","UnitedHealth Group, Inc. ",No ,8,6,N/A ,9
H2526 ,Devoted Health ,DEVOTED HEALTH PLAN OF OHIO INC ,"Devoted Health, Inc. ",No ,2,2,N/A ,2
H2563 ,Sentara Medicare ,SENTARA HEALTH PLANS ,Sentara Health Care (SHC) ,No ,5,4,N/A ,6
H2564 ,AmeriHealth Caritas VIP Care (HMO-SNP) ,"AMERIHEALTH CARITAS LOUISIANA, INC. ","Independence Health Group, Inc. ",No ,N/A ,N/A ,N/A ,N/A
H2593 ,Wellpoint ,"WELLPOINT TEXAS, INC. ","Elevance Health, Inc. ",No ,6,4,N/A ,7
H2610 ,Essence Healthcare ,"ESSENCE HEALTHCARE, INC. ",Lumeris Group Holdings Corporation ,No ,2,2,N/A ,2
H2624 ,HealthTeam Advantage ,CARE N' CARE INSURANCE COMPANY OF NORTH CAROLINA ,"Risant Health, Inc. ",No ,2,2,N/A ,2
H2628 ,Anthem Blue Cross and Blue Shield ,COMMUNITY INSURANCE COMPANY ,"Elevance Health, Inc. ",No ,N/A ,N/A ,N/A ,N/A
H2630 ,Verda Health Plan of Arizona ,"VERDA HEALTH PLAN OF ARIZONA, INC. ","Verda Healthcare, Inc. ",No ,N/A ,N/A ,N/A ,N/A
H2663 ,Aetna Medicare ,"COVENTRY HEALTH CARE OF MISSOURI, INC. ",CVS Health Corporation ,No ,4,3,N/A ,4
H2686 ,Devoted Health ,DEVOTED HEALTH INSURANCE COMPANY OF HAWAII INC ,"Devoted Health, Inc. ",No ,4,2,N/A ,3
H2687 ,Wellpoint ,"WELLPOINT SOUTH CAROLINA, INC. ","Elevance Health, Inc. ",No ,N/A ,N/A ,N/A ,N/A
H2694 ,eternalHealth ,"ETERNALHEALTH, INC. ","Eternal Health of Delaware, Inc. ",No ,4,3,N/A ,5
H2697 ,Devoted Health ,"DEVOTED HEALTH PLAN OF OHIO, INC. ","Devoted Health, Inc. ",No ,4,3,N/A ,5
H2704 ,Kaiser Permanente ,"KAISER FOUNDATION HP, INC. ","Kaiser Foundation Health Plan, Inc. ",No ,N/A ,N/A ,N/A ,N/A
H2715 ,Molina Healthcare of Illinois ,MOLINA HEALTHCARE OF ILLINOIS INC ,"Molina Healthcare, Inc. ",No ,7,5,N/A ,8
H2737 ,Health New England Medicare Advantage Plans ,"HEALTH NEW ENGLAND, INC. ","Baystate Health, Inc. ",No ,3,2,N/A ,3
H2752 ,Cigna HealthCare ,"BRAVO HEALTH PENNSYLVANIA, INC. ",Health Care Service Corporation ,No ,8,6,N/A ,9
H2775 ,Wellcare ,AMERICAN PROGRESSIVE LIFE & HLTH INS COMPANY OF NY ,Centene Corporation ,No ,5,3,N/A ,6
H2802 ,UnitedHealthcare ,"UNITEDHEALTHCARE OF THE MIDLANDS, INC. ","UnitedHealth Group, Inc. ",No ,4,3,N/A ,4
H2816 ,Wellcare ,AMERICAN PROGRESSIVE LIFE & HLTH INS COMPANY OF NY ,Centene Corporation ,No ,4,3,N/A ,5
H2819 ,Blue Shield of California ,CALIFORNIA PHYSICIANS' SERVICE ,California Physicians' Service ,No ,6,5,N/A ,8
H2836 ,Anthem Blue Cross and Blue Shield ,"ANTHEM HEALTH PLANS, INC. ","Elevance Health, Inc. ",No ,4,3,N/A ,5
H2845 ,Devoted Health ,DEVOTED HEALTH INSURANCE COMPANY OF OKLAHOMA ,"Devoted Health, Inc. ",No ,N/A ,N/A ,N/A ,N/A
H2853 ,Ascension Complete ,CENTENE VENTURE COMPANY TENNESSEE ,Centene Corporation ,No ,N/A ,N/A ,N/A ,N/A
H2875 ,Humana ,HUMANA WI HEALTH ORGANIZATION INSURANCE CORP ,Humana Inc. ,No ,N/A ,N/A ,N/A ,N/A
H2915 ,Wellcare By Allwell ,"PENNSYLVANIA HEALTH & WELLNESS, INC. ",Centene Corporation ,No ,7,5,N/A ,8
H2923 ,Devoted Health ,DEVOTED HEALTH PLAN OF OREGON INC ,"Devoted Health, Inc. ",No ,4,3,N/A ,5
H2926 ,PrimeWest Health ,PRIMEWEST RURAL MN HEALTH CARE ACCESS INITIATIVE ,PrimeWest Rural MN Health Care Access Initiative ,No ,8,6,N/A ,9
H2942 ,Cox HealthPlans ,COX HEALTH SYSTEMS HMO INC ,CoxHealth ,No ,2,2,N/A ,2
H2960 ,Senior Care Plus ,"HOMETOWN HEALTH PLAN, INC. ",Renown Health ,No ,2,2,N/A ,2
H2962 ,Ultimate Health Plans ,"ULTIMATE HEALTH PLANS, INC. ","Ultimate Healthcare Holdings, LLC ",No ,4,3,N/A ,4
H3038 ,Molina Healthcare of California ,MOLINA HEALTHCARE OF CALIFORNIA ,"Molina Healthcare, Inc. ",No ,7,5,N/A ,8
H3041 ,Devoted Health ,DEVOTED HEALTH PLAN OF SOUTH CAROLINA INC ,"Devoted Health, Inc. ",No ,4,4,N/A ,5
H3048 ,SECUR Health Plan ,SECUR INC ,Chapters CareNu Inc ,No ,N/A ,N/A ,N/A ,N/A
H3071 ,Clear Spring Health ,"CLEAR SPRING HEALTH COMMUNITY CARE, INC. ",Group 1001 ,No ,6,4,N/A ,7
H3080 ,Devoted Health ,DEVOTED HEALTH PLAN OF ALABAMA INC ,"Devoted Health, Inc. ",No ,6,5,N/A ,7
H3093 ,Molina Healthcare of Illinois ,"MOLINA HEALTHCARE OF ILLINOIS, INC. ","Molina Healthcare, Inc. ",No ,N/A ,N/A ,N/A ,N/A
H3113 ,UnitedHealthcare ,"OXFORD HEALTH PLANS (NJ), INC. ","UnitedHealth Group, Inc. ",No ,7,5,N/A ,8
H3124 ,Jefferson Health Plans ,PARTNERS INSURANCE COMPANY OF NEW JERSEY INC ,Thomas Jefferson University ,No ,N/A ,N/A ,N/A ,N/A
H3127 ,Upper Peninsula Health Plan (UPHP) MI Coordinated ,"UPPER PENINSULA HEALTH PLAN, LLC ","DLP Marquette Health Plan, LLC ",No ,N/A ,N/A ,N/A ,N/A
H3138 ,Kaiser Permanente ,KAISER PERMANENTE INSURANCE COMPANY ,"Kaiser Foundation Health Plan, Inc. ",No ,2,2,N/A ,2
H3146 ,Aetna Medicare ,AETNA BETTER HEALTH INC. (GA) ,CVS Health Corporation ,No ,5,4,N/A ,6
H3152 ,Aetna Medicare ,AETNA HEALTH INC. (NJ) ,CVS Health Corporation ,No ,3,2,N/A ,2
H3170 ,Blue Cross and Blue Shield of Nebraska ,"SAPPHIRE EDGE, INC. ",Blue Cross Blue Shield of Nebraska ,No ,3,3,N/A ,4
H3186 ,Align powered by Sanford Health Plan ,SANFORD HEALTH PLAN OF MINNESOTA ,Sanford Health ,No ,3,2,N/A ,2
H3192 ,Aetna Medicare ,AETNA HEALTH OF MICHIGAN INC. ,CVS Health Corporation ,No ,6,4,N/A ,7
H3204 ,Presbyterian Health Plan ,PRESBYTERIAN HEALTH PLAN ,Presbyterian Healthcare Services ,No ,4,3,N/A ,5
H3219 ,Allina Health Aetna Medicare ,ALLINA HEALTH AND AETNA INSURANCE COMPANY ,Allina Health and Aetna Insurance Holding Company ,No ,3,2,N/A ,3
H3239 ,Aetna Medicare ,"AETNA BETTER HEALTH, INC. (LA) ",CVS Health Corporation ,No ,7,5,N/A ,8
H3240 ,Wellpoint ,"WELLPOINT NEW JERSEY, INC. ","Elevance Health, Inc. ",No ,7,5,N/A ,8
H3251 ,Blue Cross and Blue Shield of New Mexico ,HEALTH CARE SERVICE CORPORATION ,Health Care Service Corporation ,No ,4,3,N/A ,5
H3256 ,UnitedHealthcare ,CARE IMPROVEMENT PLUS SOUTH CENTRAL INSURANCE CO. ,"UnitedHealth Group, Inc. ",No ,8,6,N/A ,9
H3259 ,BlueCare Plus Tennessee ,VOLUNTEER STATE HEALTH PLAN ,BlueCross BlueShield of Tennessee ,No ,8,6,N/A ,9
H3274 ,Align Senior Care ,ALIGN SENIOR CARE CALIFORNIA INC. ,"Curana Health Holdings, LLC ",No ,4,2,N/A ,4
H3276 ,ConnectiCare ,"CONNECTICARE INSURANCE COMPANY, INC. ","Molina Healthcare, Inc. ",No ,8,6,N/A ,9
H3288 ,Aetna Medicare ,AETNA HEALTH AND LIFE INSURANCE COMPANY ,CVS Health Corporation ,No ,4,3,N/A ,5
H3291 ,PruittHealth Premier ,"PRUITTHEALTH PREMIER, INC. ","UNICO Services, Inc. ",No ,7,5,N/A ,8
H3305 ,MVP HEALTH CARE ,"MVP HEALTH PLAN, INC. ","MVP Health Care, Inc. ",No ,3,2,N/A ,3
H3312 ,Aetna Medicare ,AETNA HEALTH INC. (NY) ,CVS Health Corporation ,No ,6,4,N/A ,7
H3330 ,EmblemHealth ,HEALTH INSURANCE PLAN OF GREATER NEW YORK ,"EmblemHealth, Inc. ",No ,2,2,N/A ,2
H3335 ,"Excellus Health Plan, Inc ","EXCELLUS HEALTH PLAN, INC. ","Lifetime Healthcare, Inc. ",No ,2,2,N/A ,2
H3344 ,Independent Health ,INDEPENDENT HEALTH BENEFITS CORPORATION ,"Independent Health Association, Inc. ",No ,1,1,N/A ,1
H3347 ,Elderplan ,"ELDERPLAN, INC. ","Elderplan, Inc. ",No ,6,3,N/A ,8
H3351 ,"Excellus Health Plan, Inc ","EXCELLUS HEALTH PLAN, INC. ","Lifetime Healthcare, Inc. ",No ,2,2,N/A ,2
H3359 ,Healthfirst Medicare Plan ,"HEALTHFIRST HEALTH PLAN, INC. ","Healthfirst, Inc. ",No ,6,3,N/A ,8
H3362 ,Independent Health ,"INDEPENDENT HEALTH ASSOCIATION, INC. ","Independent Health Association, Inc. ",No ,3,2,N/A ,3
H3379 ,UnitedHealthcare ,"UNITEDHEALTHCARE OF NEW YORK, INC. ","UnitedHealth Group, Inc. ",No ,4,3,N/A ,4
H3384 ,Highmark Blue Cross Blue Shield or Highmark Blue S ,Highmark Western and Northeastern New York Inc. ,Highmark Health ,No ,3,2,N/A ,2
H3387 ,UnitedHealthcare ,"UNITEDHEALTHCARE OF NEW YORK, INC. ","UnitedHealth Group, Inc. ",No ,7,5,N/A ,8
H3388 ,CDPHP Medicare Advantage ,"CAPITAL DISTRICT PHYSICIANS' HEALTH PLAN, INC. ","Lifetime Healthcare, Inc. ",No ,3,2,N/A ,3
H3404 ,Blue Cross and Blue Shield of North Carolina ,BLUE CROSS AND BLUE SHIELD OF NORTH CAROLINA ,CuraCor Solutions Corp. ,No ,2,2,N/A ,2
H3407 ,El Paso Health Medicare Advantage ,"EL PASO FIRST HEALTH PLANS, INC. ",El Paso County Hospital District ,No ,7,5,N/A ,8
H3418 ,UnitedHealthcare ,CARE IMPROVEMENT PLUS SOUTH CENTRAL INSURANCE CO. ,"UnitedHealth Group, Inc. ",No ,3,2,N/A ,3
H3419 ,Perennial Advantage ,"PERENNIAL ADVANTAGE OF COLORADO, INC. ","Perennial Consortium, LLC ",No ,6,4,N/A ,7
H3443 ,Alignment Health Plan ,"ALIGNMENT HEALTH PLAN OF ARIZONA, INC. ","Alignment Healthcare USA, LLC ",No ,4,3,N/A ,5
H3447 ,Anthem HealthKeepers ,"HEALTHKEEPERS, INC. ","Elevance Health, Inc. ",No ,6,4,N/A ,7
H3449 ,Blue Cross and Blue Shield of North Carolina ,BLUE CROSS AND BLUE SHIELD OF NORTH CAROLINA ,CuraCor Solutions Corp. ,No ,2,2,N/A ,2
H3467 ,ProCare Advantage ,"PROCARE ADVANTAGE, LLC ",First Sacramento Capital Funding LLC ,No ,7,5,N/A ,8
H3499 ,Wellcare By Allwell ,COORDINATED CARE CORPORATION ,Centene Corporation ,No ,6,5,N/A ,7
H3528 ,ConnectiCare ,"CONNECTICARE, INC. ","Molina Healthcare, Inc. ",No ,4,2,N/A ,3
H3533 ,Humana ,"HUMANA HEALTH COMPANY OF NEW YORK, INC. ",Humana Inc. ,No ,6,4,N/A ,7
H3536 ,Anthem Blue Cross and Blue Shield ,"MATTHEW THORNTON HEALTH PLAN, INC. ","Elevance Health, Inc. ",No ,5,4,N/A ,7
H3551 ,eternalHealth ,ETERNALHEALTH OF ARIZONA INC ,"Eternal Health of Delaware, Inc. ",No ,4,3,N/A ,5
H3557 ,Blue Cross & Blue Shield of Rhode Island ,BLUE CROSS & BLUE SHIELD OF RHODE ISLAND ,Blue Cross & Blue Shield of Rhode Island ,No ,1,1,N/A ,1
H3561 ,Wellcare By Health Net ,"HEALTH NET COMMUNITY SOLUTIONS, INC. ",Centene Corporation ,No ,7,5,N/A ,8
H3597 ,Aetna Medicare ,AETNA HEALTH INC. (ME) ,CVS Health Corporation ,No ,4,3,N/A ,4
H3653 ,Paramount Elite Medicare Plans ,"PARAMOUNT CARE, INC. ",MEDICAL MUTUAL OF OHIO ,No ,2,2,N/A ,2
H3655 ,Anthem Blue Cross and Blue Shield ,COMMUNITY INSURANCE COMPANY ,"Elevance Health, Inc. ",No ,4,3,N/A ,4
H3660 ,SummaCare Medicare Advantage Plans ,SUMMACARE INC. ,Summa Health ,No ,2,2,N/A ,2
H3664 ,PrimeTime Health Plan ,AULTCARE HEALTH INSURING CORPORATION ,Aultman Health Foundation ,No ,1,1,N/A ,1
H3668 ,MediGold ,"MOUNT CARMEL HEALTH PLAN, INC. ",Trinity Health Corporation ,No ,2,2,N/A ,2
H3672 ,The Health Plan ,"THE HEALTH PLAN OF WEST VIRGINIA, INC. ","The Health Plan of West Virginia, Inc. ",No ,5,4,N/A ,6
H3706 ,GlobalHealth ,"GLOBALHEALTH, INC. ","MHH Healthcare, L.P. ",No ,4,3,N/A ,4
H3708 ,American Health Advantage of Oklahoma ,"OKLAHOMA SUPERIOR SELECT, INC. ",Mitchell Family Office ,No ,7,5,N/A ,8
H3727 ,Communicare Advantage ,OH CHS SNP INC. ,"SNP Holdings, LLC ",No ,7,5,N/A ,8
H3748 ,Aetna Medicare ,"AETNA BETTER HEALTH OF WASHINGTON, INC. ",CVS Health Corporation ,No ,3,2,N/A ,2
H3755 ,CommunityCare Senior Health Plan (HMO) ,"COMMUNITYCARE GOVERNMENT PROGRAMS, INC. ",St Francis Health System & St John Health System ,No ,2,2,N/A ,2
H3777 ,Experience Health ,BLUE CROSS AND BLUE SHIELD OF NORTH CAROLINA ,CuraCor Solutions Corp. ,No ,1,1,N/A ,1
H3794 ,UnitedHealthcare ,"UNITEDHEALTHCARE OF WISCONSIN, INC. ","UnitedHealth Group, Inc. ",No ,8,6,N/A ,9
H3800 ,Provider Partners Health Plans ,PROVIDER PARTNERS HEALTH PLAN OF ILLINOIS ,"Rifkin Managed Care Holding, LLC ",No ,7,5,N/A ,8
H3805 ,UnitedHealthcare ,"UnitedHealthcare Benefits of Texas, Inc. ","UnitedHealth Group, Inc. ",No ,3,2,N/A ,2
H3810 ,AllCare Advantage ,"ALLCARE HEALTH PLAN, INC. ","AllCare Health, Inc. ",No ,6,4,N/A ,7
H3811 ,Samaritan Advantage Health Plans ,"SAMARITAN HEALTH PLANS, INC. ","Samaritan Health Services, Inc. ",No ,4,3,N/A ,4
H3814 ,ATRIO Health Plans ,ATRIO HEALTH PLANS ,ATRIO Health Plans ,No ,7,5,N/A ,8
H3815 ,Alignment Health Plan ,ALIGNMENT HEALTH PLAN ,"Alignment Healthcare USA, LLC ",No ,4,3,N/A ,5
H3817 ,Regence BlueCross BlueShield of Oregon ,REGENCE BLUECROSS BLUESHIELD OF OREGON ,"Cambia Health Solutions, Inc. ",No ,2,2,N/A ,2
H3822 ,"Blue Cross and Blue Shield of IL, NM ",HEALTH CARE SERVICE CORPORATION ,Health Care Service Corporation ,No ,3,2,N/A ,3
H3828 ,Saint Alphonsus Health Plan ,"MOUNT CARMEL HEALTH PLAN OF IDAHO, INC. ",Trinity Health Corporation ,No ,3,2,N/A ,2
H3832 ,HMSA Akamai Advantage ,HAWAII MEDICAL SERVICE ASSOCIATION ,Hawaii Medical Service Association ,No ,2,2,N/A ,2
H3864 ,PacificSource Medicare ,PACIFICSOURCE COMMUNITY HEALTH PLANS ,PacificSource ,No ,4,3,N/A ,4
H3868 ,UnitedHealthcare ,"UNITEDHEALTHCARE COMMUNITY PLAN OF TEXAS, L.L.C. ","UnitedHealth Group, Inc. ",No ,N/A ,N/A ,N/A ,N/A
H3890 ,Johns Hopkins Advantage MD ,"HOPKINS HEALTH ADVANTAGE, INC. ",Johns Hopkins Healthcare LLC ,No ,3,2,N/A ,2
H3907 ,UPMC for Life ,"UPMC HEALTH PLAN, INC. ",UPMC Health System ,No ,3,2,N/A ,2
H3909 ,Independence Blue Cross ,QCC INSURANCE COMPANY ,"Independence Health Group, Inc. ",No ,2,2,N/A ,2
H3916 ,Highmark Blue Cross Blue Shield or Highmark Blue S ,HIGHMARK SENIOR HEALTH COMPANY ,Highmark Health ,No ,2,2,N/A ,2
H3923 ,Capital Blue Cross ,CAPITAL ADVANTAGE INSURANCE COMPANY ,CAPITAL BLUE CROSS ,No ,2,2,N/A ,2
H3924 ,Geisinger Gold ,GEISINGER INDEMNITY INSURANCE COMPANY ,"Risant Health, Inc. ",No ,3,2,N/A ,3
H3928 ,Aetna Medicare ,AETNA HEALTH INC. (LA) ,CVS Health Corporation ,No ,4,3,N/A ,4
H3931 ,Aetna Medicare ,AETNA HEALTH INC. (PA) ,CVS Health Corporation ,No ,4,3,N/A ,5
H3949 ,Cigna HealthCare ,"BRAVO HEALTH PENNSYLVANIA, INC. ",Health Care Service Corporation ,No ,6,4,N/A ,6
H3952 ,Independence Blue Cross ,"KEYSTONE HEALTH PLAN EAST, INC. ","Independence Health Group, Inc. ",No ,2,2,N/A ,2
H3954 ,Geisinger Gold ,GEISINGER HEALTH PLAN ,"Risant Health, Inc. ",No ,4,3,N/A ,5
H3957 ,Highmark Blue Cross Blue Shield or Highmark Blue S ,HIGHMARK CHOICE COMPANY ,Highmark Health ,No ,3,2,N/A ,2
H3959 ,Aetna Medicare ,AETNA HEALTH INC. (PA) ,CVS Health Corporation ,No ,5,4,N/A ,6
H3962 ,Capital Blue Cross ,"KEYSTONE HEALTH PLAN CENTRAL, INC. ",CAPITAL BLUE CROSS ,No ,3,2,N/A ,3
H3975 ,Wellcare ,"WELLCARE HEALTH INSURANCE COMPANY OF KENTUCKY, INC ",Centene Corporation ,No ,5,4,N/A ,7
H3979 ,Blue Cross and Blue Shield of Oklahoma ,"GHS HEALTH MAINTENANCE ORGANIZATION, INC. ",Health Care Service Corporation ,No ,4,3,N/A ,4
H4003 ,Medicare y Mucho Mas (MMM) ,"MMM HEALTHCARE, LLC ","Elevance Health, Inc. ",Yes ,7,5,N/A ,8
H4004 ,Medicare y Mucho Mas (MMM) ,"MMM HEALTHCARE, LLC ","Elevance Health, Inc. ",Yes ,7,5,N/A ,8
H4005 ,Triple-S Advantage ,"TRIPLE S ADVANTAGE, INC. ",Guidewell Mutual Holding Corporation ,Yes ,6,3,N/A ,8
H4026 ,SCAN Health Plan ,SCAN HEALTH PLAN (WA) ,SCAN Group ,No ,N/A ,N/A ,N/A ,N/A
H4032 ,UnitedHealthcare ,"UNITEDHEALTHCARE OF THE ROCKIES, INC. ","UnitedHealth Group, Inc. ",No ,N/A ,N/A ,N/A ,N/A
H4036 ,Anthem Blue Cross and Blue Shield ,"ANTHEM INSURANCE COMPANIES, INC. ","Elevance Health, Inc. ",No ,1,1,N/A ,1
H4045 ,Santa Clara Family Health Plan ,SANTA CLARA COUNTY HEALTH AUTHORITY ,SANTA CLARA COUNTY HEALTH AUTHORITY ,No ,6,5,N/A ,8
H4054 ,Provider Partners Health Plans ,"PROVIDER PARTNERS HEALTH PLAN OF TEXAS, INC. ","Rifkin Managed Care Holding, LLC ",No ,7,5,N/A ,8
H4057 ,Kern Family Health Care Medicare (D-SNP) ,KERN HEALTH SYSTEMS ,Kern Health Systems (KHS) ,No ,N/A ,N/A ,N/A ,N/A
H4073 ,Wellcare ,"WELLCARE HEALTH INSURANCE OF NORTH CAROLINA, INC. ",Centene Corporation ,No ,6,4,N/A ,7
H4091 ,Simpra Advantage ,"SIMPRA ADVANTAGE, INC. ","Associated Care Ventures, Inc. ",No ,7,5,N/A ,8
H4093 ,Provider Partners Health Plans ,"PROVIDER PARTNERS HEALTH PLAN OF PENNSYLVANIA, INC ","Rifkin Managed Care Holding, LLC ",No ,7,4,N/A ,8
H4140 ,"Doctors HealthCare Plans, Inc. ","DOCTORS HEALTHCARE PLANS, INC. ","DOCTORS HEALTHCARE PLANS, INC. ",No ,4,2,N/A ,4
H4141 ,Humana ,"HUMANA EMPLOYERS HEALTH PLAN OF GEORGIA, INC. ",Humana Inc. ,No ,5,4,N/A ,6
H4152 ,Blue Cross & Blue Shield of Rhode Island ,BLUE CROSS & BLUE SHIELD OF RHODE ISLAND ,Blue Cross & Blue Shield of Rhode Island ,No ,3,2,N/A ,3
H4158 ,Wellcare ,"BUCKEYE COMMUNITY HEALTH PLAN, INC. ",Centene Corporation ,No ,N/A ,N/A ,N/A ,N/A
H4161 ,Anthem Blue Cross Partnership Plan ,"BLUE CROSS OF CALIFORNIA PARTNERSHIP PLAN, INC. ","Elevance Health, Inc. ",No ,4,3,N/A ,5
H4172 ,NHC Advantage ,"NHC ADVANTAGE, LLC ","Missouri Healthcare Advisors, LLC ",No ,7,5,N/A ,8
H4193 ,HAP CareSource MI Coordinated Health ,HAP CARESOURCE ,Henry Ford Health System ,No ,N/A ,N/A ,N/A ,N/A
H4213 ,Arkansas Blue Medicare ,USABLE MUTUAL INSURANCE COMPANY ,USAble Mutual Insurance Company ,No ,4,4,N/A ,5
H4227 ,VISTA Health Plan Inc. ,"VISTA HEALTH PLAN, INC. ","Independence Health Group, Inc. ",No ,8,6,N/A ,9
H4232 ,American Health Advantage of Utah ,"AMERICAN HEALTH PLAN OF UT, INC. ",Mitchell Family Office ,No ,7,5,N/A ,8
H4279 ,UPMC for Life Complete Care ,"UPMC FOR YOU, INC ",UPMC Health System ,No ,8,6,N/A ,9
H4286 ,"Leon Health, Inc. ","LEON HEALTH, INC. ","LMC Family Holdings, LLC ",No ,4,2,N/A ,4
H4329 ,Humana ,"HUMANA BENEFIT PLAN OF ILLINOIS, INC. ",Humana Inc. ,No ,N/A ,N/A ,N/A ,N/A
H4346 ,Anthem Blue Cross and Blue Shield ,"HMO COLORADO, INC. ","Elevance Health, Inc. ",No ,4,3,N/A ,5
H4348 ,Devoted Health ,DEVOTED HEALTH INSURANCE COMPANY OF KANSAS ,"Devoted Health, Inc. ",No ,N/A ,N/A ,N/A ,N/A
H4371 ,Molina Healthcare ,"SENIOR WHOLE HEALTH, LLC ","Molina Healthcare, Inc. ",No ,N/A ,N/A ,N/A ,N/A
H4407 ,Cigna HealthCare ,"HEALTHSPRING LIFE & HEALTH INSURANCE COMPANY, INC. ",Health Care Service Corporation ,No ,5,3,N/A ,5
H4439 ,Provider Partners Health Plans ,PROVIDER PARTNERS HEALTH PLAN OF NORTH CAROLINA ,"Rifkin Managed Care Holding, LLC ",No ,7,5,N/A ,8
H4444 ,Provider Partners Health Plans ,PROVIDER PARTNERS HEALTH PLAN OF INDIANA ,"Rifkin Managed Care Holding, LLC ",No ,N/A ,N/A ,N/A ,N/A
H4461 ,Humana ,CARITEN HEALTH PLAN INC. ,Humana Inc. ,No ,4,3,N/A ,4
H4471 ,Anthem Blue Cross ,"BLUE CROSS OF CALIFORNIA PARTNERSHIP PLAN, INC. ","Elevance Health, Inc. ",No ,6,5,N/A ,8
H4473 ,Devoted Health ,"DEVOTED HEALTH INSURANCE COMPANY OF UTAH, INC. ","Devoted Health, Inc. ",No ,N/A ,N/A ,N/A ,N/A
H4490 ,American Health Advantage of Missouri ,"AMERICAN HEALTH PLAN OF MISSOURI, INC. ",Mitchell Family Office ,No ,7,5,N/A ,8
H4497 ,Medical Mutual of Ohio ,MEDICAL MUTUAL OF OHIO ,MEDICAL MUTUAL OF OHIO ,No ,1,1,N/A ,1
H4499 ,Sentara Medicare ,SENTARA HEALTH PLANS ,Sentara Health Care (SHC) ,No ,N/A ,N/A ,N/A ,N/A
H4506 ,Wellcare ,"SELECTCARE OF TEXAS, INC. ",Centene Corporation ,No ,3,2,N/A ,3
H4513 ,Cigna HealthCare ,"HEALTHSPRING LIFE & HEALTH INSURANCE COMPANY, INC. ",Health Care Service Corporation ,No ,4,3,N/A ,5
H4514 ,UnitedHealthcare ,"UNITEDHEALTHCARE COMMUNITY PLAN OF TEXAS, L.L.C. ","UnitedHealth Group, Inc. ",No ,6,4,N/A ,7
H4523 ,Aetna Medicare ,AETNA HEALTH INC. (TX) ,CVS Health Corporation ,No ,4,3,N/A ,4
H4527 ,UnitedHealthcare ,"PHYSICIANS HEALTH CHOICE OF TEXAS, LLC ","UnitedHealth Group, Inc. ",No ,4,3,N/A ,5
H4537 ,Wellcare ,"WELLCARE HEALTH INSURANCE COMPANY OF OKLAHOMA, INC ",Centene Corporation ,No ,5,4,N/A ,7
H4544 ,Peoples Health ,"PEOPLES HEALTH, INC. ","UnitedHealth Group, Inc. ",No ,4,4,N/A ,5
H4604 ,UnitedHealthcare ,"UNITEDHEALTHCARE OF THE ROCKIES, INC. ","UnitedHealth Group, Inc. ",No ,3,2,N/A ,2
H4605 ,Regence BlueCross BlueShield of Utah ,REGENCE BLUECROSS BLUESHIELD OF UTAH ,"Cambia Health Solutions, Inc. ",No ,1,1,N/A ,1
H4610 ,UnitedHealthcare ,"UNITEDHEALTHCARE OF NEW ENGLAND, INC. ","UnitedHealth Group, Inc. ",No ,N/A ,N/A ,N/A ,N/A
H4623 ,Humana ,"HUMANA REGIONAL HEALTH PLAN, INC. ",Humana Inc. ,No ,4,3,N/A ,4
H4624 ,Zing Health ,"ZING HEALTH OF MICHIGAN, INC. ","Zing Health Consolidator, Inc ",No ,6,5,N/A ,7
H4647 ,UCLA Health Medicare Advantage Plan ,"NEW CENTURY HEALTH PLAN, INC. ",The Regents of the University of California ,No ,N/A ,N/A ,N/A ,N/A
H4661 ,Wellcare ,CELTIC INSURANCE COMPANY ,Centene Corporation ,No ,7,5,N/A ,8
H4676 ,Troy Medicare ,"TROY HEALTH, INC. ","Troy Holdings, Inc. ",No ,5,4,N/A ,7
H4694 ,Anthem HealthKeepers ,"HEALTHKEEPERS, INC. ","Elevance Health, Inc. ",No ,N/A ,N/A ,N/A ,N/A
H4704 ,Anthem Blue Cross Life and Health Insurance Compan ,ANTHEM BLUE CROSS LIFE AND HEALTH INS COMPANY ,"Elevance Health, Inc. ",No ,8,6,N/A ,9
H4711 ,Aetna Medicare ,"COVENTRY HEALTH CARE OF NEBRASKA, INC. ",CVS Health Corporation ,No ,7,4,N/A ,8
H4733 ,Community Health Group ,COMMUNITY HEALTH GROUP ,Community Health Group ,No ,7,5,N/A ,8
H4739 ,First Choice VIP Care (HMO D-SNP) ,"SELECT HEALTH OF SOUTH CAROLINA, INC. ","Independence Health Group, Inc. ",No ,6,5,N/A ,8
H4754 ,PacificSource Medicare ,PACIFICSOURCE COMMUNITY HEALTH PLANS ,PacificSource ,No ,2,2,N/A ,2
H4808 ,Devoted Health ,DEVOTED HEALTH INSURANCE COMPANY OF COLORADO INC ,"Devoted Health, Inc. ",No ,4,3,N/A ,4
H4835 ,Aetna Medicare ,AETNA BETTER HEALTH OF OKLAHOMA INC. ,CVS Health Corporation ,No ,3,2,N/A ,3
H4847 ,Wellcare ,"WELLCARE OF SOUTH CAROLINA, INC. ",Centene Corporation ,No ,6,5,N/A ,7
H4868 ,Wellcare ,NEW YORK QUALITY HEALTHCARE CORPORATION ,Centene Corporation ,No ,6,3,N/A ,8
H4869 ,Gold Kidney Health Plan ,GOLD KIDNEY OF ARIZONA ,Gold Kidney Health Plan ,No ,5,3,N/A ,6
H4875 ,Priority Health Medicare ,PRIORITY HEALTH ,Corewell Health ,No ,2,2,N/A ,2
H4882 ,HealthPartners ,"HEALTHPARTNERS, INC. ","HealthPartners, Inc. ",No ,1,1,N/A ,1
H4909 ,Anthem Blue Cross and Blue Shield ,"ANTHEM INSURANCE COMPANIES, INC. ","Elevance Health, Inc. ",No ,4,3,N/A ,4
H4931 ,Banner Medicare Advantage ,BANNER - UNIVERSITY CARE ADVANTAGE ,Banner Health ,No ,7,5,N/A ,8
H4937 ,Blue Shield of California ,CALIFORNIA PHYSICIANS' SERVICE ,California Physicians' Service ,No ,1,1,N/A ,1
H4939 ,Humana ,"ARCADIAN HEALTH PLAN, INC. ",Humana Inc. ,No ,N/A ,N/A ,N/A ,N/A
H4961 ,Alignment Health Plan ,ALIGNMENT HEALTH PLAN ,"Alignment Healthcare USA, LLC ",No ,2,2,N/A ,2
H4982 ,Aetna Medicare ,AETNA BETTER HEALTH OF CALIFORNIA INC. ,CVS Health Corporation ,No ,4,3,N/A ,4
H5008 ,UnitedHealthcare ,CARE IMPROVEMENT PLUS SOUTH CENTRAL INSURANCE CO. ,"UnitedHealth Group, Inc. ",No ,8,6,N/A ,9
H5009 ,Regence BlueShield ,REGENCE BLUESHIELD ,"Cambia Health Solutions, Inc. ",No ,1,1,N/A ,1
H5015 ,Texas Independence Health Plan ,"TEXAS INDEPENDENCE HEALTH PLAN, INC. ",Regency ISNP Holdings LLC ,No ,7,5,N/A ,8
H5042 ,CDPHP Medicare Advantage ,"CDPHP UNIVERSAL BENEFITS, INC. ","Lifetime Healthcare, Inc. ",No ,2,2,N/A ,2
H5050 ,Kaiser Permanente ,KAISER FOUNDATION HEALTH PLAN OF WASHINGTON ,"Kaiser Foundation Health Plan, Inc. ",No ,1,1,N/A ,1
H5087 ,Wellcare ,"WELLCARE OF CALIFORNIA, INC. ",Centene Corporation ,No ,4,3,N/A ,4
H5106 ,Highmark Blue Cross Blue Shield ,HIGHMARK SENIOR SOLUTIONS COMPANY ,Highmark Health ,No ,4,3,N/A ,4
H5117 ,Wellcare By Allwell ,"LOUISIANA HEALTHCARE CONNECTIONS, INC. ",Centene Corporation ,No ,N/A ,N/A ,N/A ,N/A
H5119 ,Contra Costa Health Care Plus (HMO D-SNP) ,CONTRA COSTA COUNTY MEDICAL SERVICE DBA CONTRA COS ,Contra Costa Health Services ,No ,N/A ,N/A ,N/A ,N/A
H5141 ,Clover Health ,CLOVER INSURANCE COMPANY ,"Clover Health Holdings, Inc. ",No ,4,3,N/A ,5
H5163 ,Verda Health Plan of Texas ,VERDA HEALTH PLAN OF TEXAS INC ,"Verda Healthcare, Inc. ",No ,4,3,N/A ,5
H5178 ,Humana ,"HUMANA HEALTH PLAN, INC. ",Humana Inc. ,No ,5,4,N/A ,5
H5190 ,Wellcare By Allwell ,"SUNSHINE STATE HEALTH PLAN, INC. ",Centene Corporation ,No ,N/A ,N/A ,N/A ,N/A
H5209 ,My Choice Wisconsin ,"Molina Healthcare of Wisconsin, Inc. ","Molina Healthcare, Inc. ",No ,8,6,N/A ,9
H5211 ,"Security Health Plan of Wisconsin, Inc. ","SECURITY HEALTH PLAN OF WISCONSIN, INC. ","Marshfield Clinic Health System, Inc. ",No ,2,2,N/A ,2
H5215 ,Network Health Medicare Advantage Plans ,NETWORK HEALTH INSURANCE CORPORATION ,"Network Health, Inc. ",No ,1,1,N/A ,1
H5216 ,Humana ,HUMANA INSURANCE COMPANY ,Humana Inc. ,No ,4,3,N/A ,4
H5232 ,Paramount Elite Medicare Plans ,PARAMOUNT INSURANCE COMPANY ,MEDICAL MUTUAL OF OHIO ,No ,2,2,N/A ,2
H5244 ,SCAN Health Plan ,SCAN HEALTH PLAN (NM) ,SCAN Group ,No ,5,3,N/A ,5
H5253 ,UnitedHealthcare ,"UNITEDHEALTHCARE OF WISCONSIN, INC. ","UnitedHealth Group, Inc. ",No ,5,3,N/A ,5
H5256 ,Medical Associates Clinic Health Plan of Wisconsin ,MEDICAL ASSOCIATES CLINIC HEALTH PLAN ,"Medical Associates Clinic, P.C. ",No ,1,N/A ,N/A ,N/A
H5262 ,Quartz Medicare Advantage (HMO) ,QUARTZ HEALTH PLAN CORPORATION ,University of Wisconsin Hospitals and Clincs Autho ,No ,1,1,N/A ,1
H5264 ,"Dean Health Plan, Inc. ","DEAN HEALTH PLAN, INC. ",Medica Holding Company ,No ,1,N/A ,N/A ,N/A
H5272 ,Wellcare By Absolute Total Care ,"ABSOLUTE TOTAL CARE, INC. ",Centene Corporation ,No ,N/A ,N/A ,N/A ,N/A
H5273 ,CarePartners of Connecticut ,"CAREPARTNERS OF CONNECTICUT, INC. ","Point32Health, Inc. ",No ,3,2,N/A ,3
H5294 ,Wellcare By Allwell ,"SUPERIOR HEALTHPLAN, INC. ",Centene Corporation ,No ,6,4,N/A ,7
H5296 ,Alignment Health Plan ,"ALIGNMENT HEALTH PLAN OF NORTH CAROLINA, INC. ","Alignment Healthcare USA, LLC ",No ,4,3,N/A ,4
H5299 ,Devoted Health ,DEVOTED HEALTH PLAN OF NORTH CAROLINA INC ,"Devoted Health, Inc. ",No ,4,3,N/A ,4
H5302 ,Aetna Medicare ,AETNA HEALTH INC. (GA) ,CVS Health Corporation ,No ,7,5,N/A ,8
H5314 ,Tufts Health Plan ,"TUFTS HEALTH PUBLIC PLANS, INC. ","Point32Health, Inc. ",No ,N/A ,N/A ,N/A ,N/A
H5322 ,UnitedHealthcare ,CARE IMPROVEMENT PLUS SOUTH CENTRAL INSURANCE CO. ,"UnitedHealth Group, Inc. ",No ,7,5,N/A ,8
H5325 ,Aetna Medicare ,"COVENTRY HEALTH CARE OF KANSAS, INC. ",CVS Health Corporation ,No ,8,6,N/A ,9
H5361 ,AmeriHealth ,AMERIHEALTH INSURANCE COMPANY OF NEW JERSEY ,"Independence Health Group, Inc. ",No ,4,3,N/A ,4
H5374 ,Longevity Health Plan ,"LONGEVITY HEALTH PLAN OF NORTH CAROLINA, INC. ","Longevity Health Founders, LLC ",No ,7,5,N/A ,8
H5377 ,Humana ,"HUMANA MEDICAL PLAN OF PENNSYLVANIA, INC. ",Humana Inc. ,No ,4,3,N/A ,4
H5386 ,Sharp Health Plan ,SHARP HEALTH PLAN ,Sharp Healthcare ,No ,2,2,N/A ,2
H5397 ,Devoted Health ,"DEVOTED HEALTH PLAN OF HAWAII, INC. ","Devoted Health, Inc. ",No ,N/A ,N/A ,N/A ,N/A
H5410 ,Cigna HealthCare ,"HEALTHSPRING OF FLORIDA, INC. ",Health Care Service Corporation ,No ,4,3,N/A ,5
H5420 ,UnitedHealthcare ,"Preferred Care Network, Inc. ","UnitedHealth Group, Inc. ",No ,4,2,N/A ,4
H5422 ,Anthem Blue Cross and Blue Shield ,BLUE CROSS BLUE SHIELD HEALTHCARE PLAN OF GEORGIA ,"Elevance Health, Inc. ",No ,6,4,N/A ,6
H5425 ,SCAN Health Plan ,SCAN HEALTH PLAN ,SCAN Group ,No ,3,2,N/A ,3
H5427 ,"Freedom Health, Inc. ","FREEDOM HEALTH, INC. ","Elevance Health, Inc. ",No ,4,3,N/A ,4
H5431 ,"HealthSun Health Plans, Inc. ","HEALTHSUN HEALTH PLANS, INC. ","Elevance Health, Inc. ",No ,4,2,N/A ,4
H5433 ,CalOptima Health OneCare ,ORANGE COUNTY HEALTH AUTHORITY ,Orange County Health Authority ,No ,6,5,N/A ,8
H5434 ,Florida Blue ,"BLUE CROSS AND BLUE SHIELD OF FLORIDA, INC. ",Guidewell Mutual Holding Corporation ,No ,1,1,N/A ,1
H5435 ,UnitedHealthcare ,CARE IMPROVEMENT PLUS SOUTH CENTRAL INSURANCE CO. ,"UnitedHealth Group, Inc. ",No ,4,3,N/A ,4
H5439 ,Wellcare By Health Net ,HEALTH NET LIFE INSURANCE COMPANY ,Centene Corporation ,No ,4,3,N/A ,4
H5447 ,Community First ,"COMMUNITY FIRST HEALTH PLANS, INC. ",Bexar County Hospital District ,No ,5,4,N/A ,6
H5453 ,Devoted Health ,DEVOTED HEALTH INSURANCE COMPANY OF GEORGIA INC ,"Devoted Health, Inc. ",No ,N/A ,N/A ,N/A ,N/A
H5454 ,Clear Spring Health ,"CLEAR SPRING HEALTH OF ILLINOIS, INC. ",Group 1001 ,No ,6,4,N/A ,7
H5471 ,"Simply Healthcare Plans, Inc. ","SIMPLY HEALTHCARE PLANS, INC. ","Elevance Health, Inc. ",No ,6,3,N/A ,5
H5472 ,Alignment Health Plan ,ALIGNMENT HEALTH INSURANCE COMPANY OF ARIZONA INC ,"Alignment Healthcare USA, LLC ",No ,4,3,N/A ,4
H5475 ,Wellcare ,"MERIDIAN HEALTH PLAN OF MICHIGAN, INC. ",Centene Corporation ,No ,6,4,N/A ,7
H5496 ,"Imperial Health Plan of California, Inc. ","IMPERIAL HEALTH PLAN OF CALIFORNIA, INC. ",Imperial Health Plan of California ,No ,4,3,N/A ,5
H5521 ,Aetna Medicare ,AETNA LIFE INSURANCE COMPANY ,CVS Health Corporation ,No ,3,2,N/A ,3
H5522 ,Aetna Medicare ,AETNA LIFE INSURANCE COMPANY ,CVS Health Corporation ,No ,1,1,N/A ,1
H5525 ,Humana ,"HUMANA BENEFIT PLAN OF ILLINOIS, INC. ",Humana Inc. ,No ,5,4,N/A ,5
H5526 ,Highmark Blue Cross Blue Shield or Highmark Blue S ,Highmark Western and Northeastern New York Inc. ,Highmark Health ,No ,1,1,N/A ,1
H5528 ,EmblemHealth ,"EMBLEMHEALTH PLAN, INC. ","EmblemHealth, Inc. ",No ,1,1,N/A ,1
H5533 ,UPMC for Life ,"UPMC HEALTH NETWORK, INC. ",UPMC Health System ,No ,4,2,N/A ,4
H5549 ,VNS Health Medicare ,VNS CHOICE ,Visiting Nurse Service of New York ,No ,6,5,N/A ,8
H5577 ,MCS Classicare ,"MCS ADVANTAGE, INC. ","MHH Healthcare, L.P. ",Yes ,7,5,N/A ,8
H5580 ,Mercy Care Advantage ,MERCY CARE ,Mercy Care ,No ,8,6,N/A ,9
H5587 ,Blue Cross Blue Shield of Arizona Health Choice ,"HEALTH CHOICE ARIZONA, INC. ",Blue Cross Blue Shield of Arizona ,No ,7,5,N/A ,8
H5590 ,Wellcare By Allwell ,"Bridgeway Health Solutions of Arizona, Inc. ",Centene Corporation ,No ,7,5,N/A ,8
H5591 ,Martin's Point Generations Advantage ,"MARTIN'S POINT GENERATIONS ADVANTAGE, INC. ","Martin's Point Health Care, Inc. ",No ,2,2,N/A ,2
H5593 ,Aetna Medicare ,AETNA HEALTH OF IOWA INC. ,CVS Health Corporation ,No ,8,6,N/A ,9
H5594 ,"Optimum HealthCare, Inc. ","OPTIMUM HEALTHCARE, INC. ","Elevance Health, Inc. ",No ,4,3,N/A ,4
H5599 ,Wellcare By Fidelis Care ,NEW YORK QUALITY HEALTHCARE CORPORATION ,Centene Corporation ,No ,7,4,N/A ,8
H5608 ,Elevate Medicare Advantage ,"DENVER HEALTH MEDICAL PLAN, INC. ",Denver Health and Hospital Authority ,No ,7,4,N/A ,8
H5619 ,Humana ,"ARCADIAN HEALTH PLAN, INC. ",Humana Inc. ,No ,5,4,N/A ,6
H5628 ,Molina Healthcare of Utah & Idaho ,"MOLINA HEALTHCARE OF UTAH, INC. ","Molina Healthcare, Inc. ",No ,7,5,N/A ,8
H5644 ,Network Health Medicare Advantage Plans ,NETWORK HEALTH INSURANCE CORPORATION ,"Network Health, Inc. ",No ,N/A ,N/A ,N/A ,N/A
H5649 ,Central Health Medicare Plan ,"CENTRAL HEALTH PLAN OF CALIFORNIA, INC. ","Molina Healthcare, Inc. ",No ,4,2,N/A ,4
H5652 ,UnitedHealthcare ,"SIERRA HEALTH AND LIFE INSURANCE COMPANY, INC. ","UnitedHealth Group, Inc. ",No ,1,1,N/A ,1
H5692 ,Central California Alliance for Health ,SANTA CRUZ MONTEREY MERCED SAN BENITO MARIPOSA MAN ,SANTA CRUZ MONTEREY MERCED SAN BENITO MARIPOSA MAN ,No ,N/A ,N/A ,N/A ,N/A
H5703 ,South Country Health Alliance ,SOUTH COUNTRY HEALTH ALLIANCE ,South Country Health Alliance ,No ,8,6,N/A ,9
H5718 ,Devoted Health ,DEVOTED HEALTH INSURANCE COMPANY OF KENTUCKY INC ,"Devoted Health, Inc. ",No ,N/A ,N/A ,N/A ,N/A
H5734 ,Health Plan of San Joaquin / Mountain Valley Healt ,SAN JOAQUIN COUNTY HEALTH COMMISSION ,SAN JOAQUIN COUNTY HEALTH COMMISSION ,No ,N/A ,N/A ,N/A ,N/A
H5774 ,Triple S Advantage ,"TRIPLE S ADVANTAGE, INC. ",Guidewell Mutual Holding Corporation ,Yes ,7,5,N/A ,8
H5779 ,Wellcare ,"MERIDIAN HEALTH PLAN OF ILLINOIS, INC. ",Centene Corporation ,No ,6,4,N/A ,7
H5793 ,Aetna Medicare ,AETNA HEALTH INC. (CT) ,CVS Health Corporation ,No ,7,4,N/A ,8
H5810 ,Molina Healthcare of California ,MOLINA HEALTHCARE OF CALIFORNIA ,"Molina Healthcare, Inc. ",No ,6,3,N/A ,5
H5823 ,"Molina Healthcare of Washington, Inc. ","MOLINA HEALTHCARE OF WASHINGTON, INC. ","Molina Healthcare, Inc. ",No ,6,4,N/A ,7
H5826 ,Community Health Plan of WA Medicare Advantage ,COMMUNITY HEALTH PLAN OF WASHINGTON ,Community Health Plan of Washington ,No ,6,4,N/A ,7
H5828 ,Wellpoint ,"WELLPOINT TENNESSEE, INC. ","Elevance Health, Inc. ",No ,6,5,N/A ,7
H5843 ,Banner Medicare Advantage ,"BANNER HEALTH PLAN, INC. ",Banner Health ,No ,4,3,N/A ,4
H5852 ,AHF ,AIDS HEALTHCARE FOUNDATION ,AIDS Healthcare Foundation ,No ,7,5,N/A ,8
H5854 ,Anthem Blue Cross and Blue Shield ,"ANTHEM HEALTH PLANS, INC. ","Elevance Health, Inc. ",No ,7,4,N/A ,8
H5859 ,CareOregon Advantage ,"HEALTH PLAN OF CAREOREGON, INC. ","CareOregon, Inc. ",No ,8,6,N/A ,9
H5883 ,Blue Care Network ,BLUE CARE NETWORK OF MICHIGAN ,Blue Cross Blue Shield of Michigan Mutual Ins. Co. ,No ,2,2,N/A ,2
H5900 ,Wellmark Advantage Health Plan ,"WELLMARK ADVANTAGE HEALTH PLAN, INC. ",Blue Cross Blue Shield of Michigan Mutual Ins. Co. ,No ,1,1,N/A ,1
H5926 ,Molina Healthcare of Michigan ,"MOLINA HEALTHCARE OF MICHIGAN, INC. ","Molina Healthcare, Inc. ",No ,7,5,N/A ,8
H5928 ,Blue Shield of California ,California Physicians' Service ,California Physicians' Service ,No ,4,3,N/A ,4
H5932 ,Highmark Wholecare Medicare Assured ,"GATEWAY HEALTH PLAN, INC. ",Highmark Health ,No ,8,6,N/A ,9
H5937 ,UCare ,UCARE MINNESOTA ,UCare Minnesota ,No ,8,6,N/A ,9
H5938 ,Capital Health Plan ,CAPITAL HEALTH PLAN ,Guidewell Mutual Holding Corporation ,No ,1,1,N/A ,1
H5943 ,VillageHealth ,SCAN HEALTH PLAN ,SCAN Group ,No ,7,5,N/A ,8
H5945 ,Prominence Health Plan ,PROMINENCE HEALTHFIRST ,"Universal Health Services, Inc. ",No ,3,2,N/A ,3
H5959 ,Blue Cross and Blue Shield of Minnesota ,"BCBSM, Inc. ","Aware Integrated, Inc. ",No ,1,1,N/A ,1
H5965 ,Wellcare ,WELLCARE HEALTH INSURANCE COMPANY OF WASHINGTON ,Centene Corporation ,No ,5,4,N/A ,6
H5969 ,AlohaCare ,ALOHACARE ,AlohaCare ,No ,7,5,N/A ,8
H5970 ,Humana ,HUMANA INSURANCE COMPANY OF NEW YORK ,Humana Inc. ,No ,5,4,N/A ,6
H5989 ,Healthfirst Medicare Plan ,"HEALTHFIRST HEALTH PLAN, INC. ","Healthfirst, Inc. ",No ,3,2,N/A ,3
H5991 ,EmblemHealth ,HEALTH INSURANCE PLAN OF GREATER NEW YORK ,"EmblemHealth, Inc. ",No ,7,5,N/A ,8
H5992 ,Senior Whole Health of New York ,"SENIOR WHOLE HEALTH OF NEW YORK, INC. ","Molina Healthcare, Inc. ",No ,7,5,N/A ,8
H5995 ,ATRIO Health Plans ,ATRIO HEALTH PLANS ,ATRIO Health Plans ,No ,8,6,N/A ,9
H6018 ,Devoted Health ,DEVOTED HEALTH INSURANCE COMPANY OF PENNSYLVANIA I ,"Devoted Health, Inc. ",No ,5,4,N/A ,6
H6019 ,HEALTH PLAN OF SAN MATEO ,SAN MATEO HEALTH COMMISSION ,Health Plan of San Mateo ,No ,7,5,N/A ,8
H6078 ,Blue Medicare Advantage ,"Group Retiree Health Solutions, Inc. ","Elevance Health, Inc. ",No ,2,2,N/A ,2
H6130 ,Fenyx Health ,FENYX HEALTH INSURANCE COMPANY ,"Fenyx Health Holdings, Inc. ",No ,2,N/A ,N/A ,N/A
H6154 ,Medica ,MEDICA HEALTH PLANS ,Medica Holding Company ,No ,2,2,N/A ,2
H6158 ,Arkansas Blue Medicare ,"USABLE HMO, INC. ",USAble Mutual Insurance Company ,No ,4,3,N/A ,4
H6170 ,Champion Heath Plan ,CHAMPION HEALTH PLAN OF CALIFORNIA INC ,"Champion Health Plans-USA, LLC. ",No ,6,3,N/A ,8
H6200 ,Essence Healthcare ,"ESSENCE HEALTHCARE PPO, INC. ",Lumeris Group Holdings Corporation ,No ,2,2,N/A ,2
H6202 ,NextBlue of North Dakota ,NEXTBLUE OF NORTH DAKOTA INSURANCE COMPANY ,Blue Cross Blue Shield of Michigan Mutual Ins. Co. ,No ,1,1,N/A ,1
H6224 ,Highmark Blue Cross Blue Shield ,HIGHMARK HEALTH OPTIONS WEST VIRGINIA INC. ,Highmark Health ,No ,N/A ,N/A ,N/A ,N/A
H6237 ,Regence BlueCross BlueShield of Oregon ,REGENCE BLUECROSS BLUESHIELD OF OREGON ,"Cambia Health Solutions, Inc. ",No ,2,2,N/A ,2
H6248 ,Community Health Group ,COMMUNITY HEALTH GROUP ,Community Health Group ,No ,4,2,N/A ,4
H6309 ,HealthPartners ,HEALTHPARTNERS INSURANCE COMPANY ,"HealthPartners, Inc. ",No ,N/A ,N/A ,N/A ,N/A
H6316 ,Healthy Blue ,"MISSOURI CARE, INCORPORATED ","Elevance Health, Inc. ",No ,8,6,N/A ,9
H6322 ,McLaren Medicare ,"MCLAREN HEALTH PLAN, INC. ",McLaren Health Care Corporation ,No ,5,4,N/A ,6
H6341 ,AmeriHealth Caritas VIP Care ,"AMERIHEALTH MICHIGAN, INC. ","Independence Health Group, Inc. ",No ,N/A ,N/A ,N/A ,N/A
H6345 ,PruittHealth Premier ,"PRUITTHEALTH PREMIER NORTH CAROLINA, LLC ","UNICO Services, Inc. ",No ,7,5,N/A ,8
H6348 ,Wellcare By Allwell ,COORDINATED CARE CORPORATION ,Centene Corporation ,No ,5,4,N/A ,6
H6351 ,Liberty Medicare Advantage ,"LIBERTY ADVANTAGE, LLC ",Liberty Healthcare Insurance ,No ,6,4,N/A ,7
H6368 ,"Elite Health Plan, Inc. ","ELITE HEALTH PLAN, INC. ","Elite Health Systems, Inc. ",No ,N/A ,N/A ,N/A ,N/A
H6378 ,AmeriHealth Caritas VIP Care (HMO-D-SNP) ,AMERIHEALTH CARITAS FLORIDA INC ,"Independence Health Group, Inc. ",No ,8,6,N/A ,9
H6379 ,Clear Spring Health ,"CLEAR SPRING HEALTH (CO), INC. ",Group 1001 ,No ,4,3,N/A ,5
H6396 ,CareSource MyCare Ohio (HMO D-SNP) ,"CARESOURCE OHIO, INC. ",CareSource ,No ,7,5,N/A ,8
H6399 ,Aetna Better Health of New Jersey ,AETNA BETTER HEALTH INC. (NJ) ,CVS Health Corporation ,No ,8,6,N/A ,9
H6453 ,Blue Cross and Blue Shield of Louisiana ,"HMO LOUISIANA, INC. ",Louisiana Health Service & Indemnity Company ,No ,4,3,N/A ,4
H6474 ,Champion Health Plan ,RENAL PAYER SOLUTIONS INC ,"Champion Health Plans-USA, LLC. ",No ,6,3,N/A ,5
H6515 ,"Molina Healthcare of Texas, Inc. ","MOLINA HEALTHCARE OF TEXAS, INC. ","Molina Healthcare, Inc. ",No ,N/A ,N/A ,N/A ,N/A
H6529 ,MyTruAdvantage ,"SOUTHEASTERN INDIANA HEALTH ORGANIZATION, INC. ","SIHO Holding, Inc. ",No ,2,2,N/A ,2
H6545 ,Devoted Health ,"Devoted Health Insurance Company of Illinois, Inc. ","Devoted Health, Inc. ",No ,4,3,N/A ,4
H6550 ,Wellcare By Allwell ,"SUNFLOWER STATE HEALTH PLAN, INC. ",Centene Corporation ,No ,7,5,N/A ,8
H6566 ,Lagniappe Advantage ,LAGNIAPPE ADVANTAGE INSURANCE COMPANY ,"Curana Health Holdings, LLC ",No ,N/A ,N/A ,N/A ,N/A
H6586 ,Devoted Health ,"DEVOTED HEALTH INSURANCE COMPANY OF ARIZONA, INC. ","Devoted Health, Inc. ",No ,4,2,N/A ,4
H6595 ,UnitedHealthcare ,"UNITEDHEALTHCARE OF WISCONSIN, INC. ","UnitedHealth Group, Inc. ",No ,8,6,N/A ,9
H6622 ,Humana ,HUMANA WI HEALTH ORGANIZATION INSURANCE CORP ,Humana Inc. ,No ,4,3,N/A ,5
H6652 ,American Health Advantage of Florida ,"AMERICAN HEALTH PLAN OF FL, INC. ",Mitchell Family Office ,No ,N/A ,N/A ,N/A ,N/A
H6672 ,Clear Spring Health ,"CLEAR SPRING HEALTH (GA), INC. ",Group 1001 ,No ,5,4,N/A ,6
H6706 ,UnitedHealthcare ,"UnitedHealthcare Benefits of Texas, Inc. ","UnitedHealth Group, Inc. ",No ,3,2,N/A ,2
H6723 ,Medical Mutual of Ohio ,MEDICAL MUTUAL OF OHIO ,MEDICAL MUTUAL OF OHIO ,No ,2,2,N/A ,2
H6743 ,ATRIO Health Plans ,ATRIO HEALTH PLANS ,ATRIO Health Plans ,No ,3,2,N/A ,3
H6765 ,Iowa Health Advantage ,AMERICAN HEALTH PLAN OF IOWA INC ,Mitchell Family Office ,No ,7,5,N/A ,8
H6776 ,RiverSpring Health Plans ,"ELDERSERVE HEALTH, INC. ",RiverSpring Living Holding Corp. ,No ,6,5,N/A ,5
H6813 ,Devoted Health ,DEVOTED HEALTH INSURANCE COMPANY OF TEXAS INC ,"Devoted Health, Inc. ",No ,4,3,N/A ,4
H6815 ,Wellcare By Health Net ,"HEALTH NET HEALTH PLAN OF OREGON, INC. ",Centene Corporation ,No ,4,3,N/A ,5
H6824 ,UnitedHealthcare ,UNITEDHEALTHCARE INSURANCE COMPANY ,"UnitedHealth Group, Inc. ",No ,N/A ,N/A ,N/A ,N/A
H6832 ,Align Senior Care ,"ALIGN SENIOR CARE MI, LLC ","Curana Health Holdings, LLC ",No ,7,5,N/A ,8
H6847 ,Mass General Brigham Health Plan ,"Mass General Brigham Health Plan, Inc. ",Mass General Brigham Incorporated ,No ,2,2,N/A ,2
H6851 ,WellSense Health Plan ,"BOSTON MEDICAL CENTER HEALTH PLAN, INC. ","BMC Health System, Inc. ",No ,6,5,N/A ,7
H6852 ,Devoted Health ,DEVOTED HEALTH PLAN OF PENNSYLVANIA INC ,"Devoted Health, Inc. ",No ,5,4,N/A ,5
H6874 ,Aspirus Health Plan ,"ASPIRUS HEALTH PLAN, INC. ","Aspirus, Inc. ",No ,1,1,N/A ,1
H6876 ,Zing Health ,"ZING HEALTH OF MICHIGAN, INC. ","Zing Health Consolidator, Inc ",No ,5,4,N/A ,7
H6891 ,American Health Advantage of Texas ,"AMERICAN HEALTH PLAN OF TX, INC. ",Mitchell Family Office ,No ,7,5,N/A ,8
H6898 ,Vermont Blue Advantage ,"VERMONT BLUE ADVANTAGE, INC. ",Blue Cross Blue Shield of Michigan Mutual Ins. Co. ,No ,1,1,N/A ,1
H6910 ,Saint Alphonsus Health Plan ,"MOUNT CARMEL HEALTH PLAN OF IDAHO, INC. ",Trinity Health Corporation ,No ,2,2,N/A ,2
H6959 ,KeyCare Advantage ,"ISNP VENTURES, LLC ","ISNP Holdings, LLC ",No ,7,5,N/A ,8
H6971 ,Wellcare By Meridian ,"MERIDIAN HEALTH PLAN OF ILLINOIS, INC. ",Centene Corporation ,No ,N/A ,N/A ,N/A ,N/A
H6988 ,Anthem Blue Cross and Blue Shield HP ,"Anthem HP, LLC ","Elevance Health, Inc. ",No ,7,3,N/A ,8
H6994 ,Devoted Health ,DEVOTED HEALTH PLAN OF VIRGINIA INC ,"Devoted Health, Inc. ",No ,N/A ,N/A ,N/A ,N/A
H7006 ,ATRIO Health Plans ,ATRIO HEALTH PLANS ,ATRIO Health Plans ,No ,3,2,N/A ,3
H7020 ,Cigna HealthCare ,"HEALTHSPRING LIFE & HEALTH INSURANCE COMPANY, INC. ",Health Care Service Corporation ,No ,4,4,N/A ,5
H7028 ,Devoted Health ,DEVOTED HEALTH INSURANCE COMPANY OF SOUTH CAROLINA ,"Devoted Health, Inc. ",No ,4,3,N/A ,4
H7063 ,Blue Cross and Blue Shield of Kansas ,"BLUECROSS BLUESHIELD KANSAS SOLUTIONS, INC. ",Blue Cross Blue Shield of Kansas ,No ,1,1,N/A ,1
H7074 ,Alignment Health Plan ,"ALIGNMENT HEALTH PLAN OF NORTH CAROLINA, INC. ","Alignment Healthcare USA, LLC ",No ,3,3,N/A ,2
H7093 ,Anthem Blue Cross and Blue Shield ,COMMUNITY INSURANCE COMPANY ,"Elevance Health, Inc. ",No ,3,3,N/A ,4
H7115 ,Memorial Hermann Health Plan ,MEMORIAL HERMANN HEALTH PLAN ,Memorial Hermann Health System ,No ,2,2,N/A ,2
H7123 ,UPMC for Life Complete Care ,"UPMC HEALTH COVERAGE, INC. ",UPMC Health System ,No ,8,6,N/A ,9
H7147 ,Devoted Health ,DEVOTED HEALTH PLAN OF COLORADO INC ,"Devoted Health, Inc. ",No ,4,3,N/A ,5
H7149 ,Aetna Medicare ,AETNA HEALTH INC. (PA) ,CVS Health Corporation ,No ,4,3,N/A ,4
H7151 ,Devoted Health ,"DEVOTED HEALTH PLAN OF ILLINOIS, INC. ","Devoted Health, Inc. ",No ,4,3,N/A ,5
H7199 ,Devoted Health ,DEVOTED HEALTH  PLAN OF OREGON ,"Devoted Health, Inc. ",No ,4,3,N/A ,4
H7220 ,Anthem HealthKeepers ,"HealthKeepers, Inc. ","Elevance Health, Inc. ",No ,2,2,N/A ,2
H7239 ,Prominence Health Plan ,PROMINENCE HEALTHFIRST OF FLORIDA INC ,"Universal Health Services, Inc. ",No ,N/A ,N/A ,N/A ,N/A
H7275 ,Provider Partners Health Plans ,PROVIDER PARTNERS HEALTH PLAN OF KENTUCKY ,"Rifkin Managed Care Holding, LLC ",No ,N/A ,N/A ,N/A ,N/A
H7284 ,Humana ,"HUMANA HEALTH INSURANCE COMPANY OF FLORIDA, INC. ",Humana Inc. ,No ,4,3,N/A ,5
H7301 ,Aetna Medicare ,"COVENTRY HEALTH CARE OF ILLINOIS, INC. ",CVS Health Corporation ,No ,4,3,N/A ,5
H7323 ,Wellcare ,WELLCARE NATIONAL HEALTH INSURANCE COMPANY ,Centene Corporation ,No ,5,4,N/A ,6
H7326 ,Wellcare ,"WELLCARE OF SOUTH CAROLINA, INC. ",Centene Corporation ,No ,5,4,N/A ,5
H7355 ,Devoted Health ,DEVOTED HEALTH INSURANCE COMPANY OF MISSISSIPPI ,"Devoted Health, Inc. ",No ,N/A ,N/A ,N/A ,N/A
H7379 ,CareFirst BlueCross BlueShield Medicare Advantage ,"CAREFIRST ADVANTAGE PPO, INC. ","CareFirst, Inc. ",No ,1,1,N/A ,1
H7389 ,Cigna Healthcare ,"HealthSpring Life & Health Insurance Company, Inc. ",Health Care Service Corporation ,No ,5,4,N/A ,5
H7397 ,Devoted Health ,DEVOTED HEALTH INSURANCE COMPANY OF ARKANSAS INC ,"Devoted Health, Inc. ",No ,N/A ,N/A ,N/A ,N/A
H7435 ,Wellcare By Meridian ,"MERIDIAN HEALTH PLAN OF MICHIGAN, INC. ",Centene Corporation ,No ,N/A ,N/A ,N/A ,N/A
H7464 ,UnitedHealthcare ,"UNITEDHEALTHCARE OF THE MID-ATLANTIC, INC. ","UnitedHealth Group, Inc. ",No ,8,6,N/A ,9
H7471 ,Devoted Health ,DEVOTED HEALTH INSURANCE COMPANY OF INDIANA ,"Devoted Health, Inc. ",No ,N/A ,N/A ,N/A ,N/A
H7511 ,Great Plains Medicare Advantage ,"GOOD SAMARITAN INSURANCE PLAN OF NEBRASKA, INC. ",Sanford Health ,No ,7,4,N/A ,8
H7512 ,Ascension Complete ,CENTENE VENTURE COMPANY MICHIGAN ,Centene Corporation ,No ,N/A ,N/A ,N/A ,N/A
H7518 ,Wellcare ,"WELLCARE OF MISSOURI HEALTH INSURANCE COMPANY, INC ",Centene Corporation ,No ,5,4,N/A ,7
H7522 ,Medicare y Mucho Mas (MMM) ,"MMM HEALTHCARE, LLC ","Elevance Health, Inc. ",Yes ,6,3,N/A ,5
H7524 ,Excellus Health Plan Community Care LLC ,EXCELLUS HEALTH PLAN COMMUNITY CARE LLC ,"Lifetime Healthcare, Inc. ",No ,7,5,N/A ,8
H7557 ,Longevity Health Plan ,"LONGEVITY HEALTH PLAN OF MICHIGAN, INC. ","Longevity Health Founders, LLC ",No ,7,5,N/A ,8
H7598 ,Group Health Cooperative of Eau Claire ,GROUP HEALTH COOPERATIVE OF EAU CLAIRE ,Group Health Cooperative of Eau Claire ,No ,8,6,N/A ,9
H7605 ,Devoted Health ,DEVOTED HEALTH PLAN OF TENNESSEE INC ,"Devoted Health, Inc. ",No ,5,4,N/A ,6
H7607 ,Clever Care Health Plan ,"CLEVER CARE OF GOLDEN STATE, INC. ","Clever Care Health Plan, Inc. ",No ,4,2,N/A ,4
H7617 ,Humana ,EMPHESYS INSURANCE COMPANY ,Humana Inc. ,No ,2,1,N/A ,1
H7620 ,CenCal CareConnect ,SANTA BARBARA SAN LUIS OBISPO REGIONAL HEALTH AUTH ,SANTA BARBARA SAN LUIS OBISPO REGIONAL HEALTH AUTH ,No ,N/A ,N/A ,N/A ,N/A
H7635 ,Neighborhood Health Plan of Rhode Island ,NEIGHBORHOOD HEALTH PLAN OF RHODE ISLAND ,NEIGHBORHOOD HEALTH PLAN OF RHODE ISLAND ,No ,N/A ,N/A ,N/A ,N/A
H7670 ,Mass Advantage ,"CENTRAL MASS HEALTH, LLC ",Central Mass Health Holding LLC ,No ,4,3,N/A ,4
H7678 ,"Molina Healthcare of Texas, Inc. ","MOLINA HEALTHCARE OF TEXAS, INC. ","Molina Healthcare, Inc. ",No ,7,4,N/A ,8
H7680 ,Prominence Health Plan ,PROMINENCE HEALTHFIRST OF TEXAS ,"Universal Health Services, Inc. ",No ,4,3,N/A ,5
H7710 ,Highmark Blue Cross Blue Shield ,"HIGHMARK BCBSD, INC. ",Highmark Health ,No ,N/A ,N/A ,N/A ,N/A
H7766 ,Devoted Health ,DEVOTED HEALTH INSURANCE COMPANY OF LOUISIANA ,"Devoted Health, Inc. ",No ,N/A ,N/A ,N/A ,N/A
H7779 ,American Health Advantage of Tennessee ,"AMERICAN HEALTH PLAN, INC. ",Mitchell Family Office ,No ,8,6,N/A ,9
H7787 ,Cigna HealthCare ,"HEALTHSPRING LIFE & HEALTH INSURANCE COMPANY, INC. ",Health Care Service Corporation ,No ,1,1,N/A ,1
H7813 ,"iCircle Services of the Finger Lakes, Inc ","ICIRCLE SERVICES OF THE FINGER LAKES, INC. ","CDS Monarch, Inc. ",No ,N/A ,N/A ,N/A ,N/A
H7849 ,Cigna HealthCare ,"HEALTHSPRING LIFE & HEALTH INSURANCE COMPANY, INC. ",Health Care Service Corporation ,No ,4,2,N/A ,3
H7917 ,BlueCross BlueShield of Tennessee ,"BLUECROSS BLUESHIELD OF TENNESSEE, INC. ",BlueCross BlueShield of Tennessee ,No ,3,2,N/A ,2
H7980 ,WellSense Health Plan ,"BOSTON MEDICAL CENTER HEALTH PLAN, INC. ","BMC Health System, Inc. ",No ,N/A ,N/A ,N/A ,N/A
H7993 ,Devoted Health ,"DEVOTED HEALTH PLAN OF TEXAS, INC. ","Devoted Health, Inc. ",No ,4,3,N/A ,4
H8003 ,Blue Cross Blue Shield of South Carolina ,BLUECROSS AND BLUESHIELD OF SOUTH CAROLINA ,BlueCross BlueShield of South Carolina (BCBSSC) ,No ,2,2,N/A ,2
H8010 ,Clover Health ,CLOVER HMO OF NEW JERSEY INC. ,"Clover Health Holdings, Inc. ",No ,4,3,N/A ,5
H8051 ,San Francisco Health Plan ,SAN FRANCISCO HEALTH AUTHORITY DBA SAN FRANCISCO H ,SAN FRANCISCO HEALTH AUTHORITY ,No ,N/A ,N/A ,N/A ,N/A
H8067 ,Provider Partners Health Plans ,"PROVIDER PARTNERS HEALTH PLAN, INC. ","Rifkin Managed Care Holding, LLC ",No ,7,5,N/A ,8
H8070 ,UCare ,UCARE MINNESOTA ,UCare Minnesota ,No ,2,2,N/A ,2
H8093 ,Georgia Health Advantage ,"GEORGIA ASSURANCE, INC. ",Mitchell Family Office ,No ,7,5,N/A ,8
H8095 ,Wellmark Advantage Health Plan ,"WELLMARK ADVANTAGE HEALTH PLAN, INC. ",Blue Cross Blue Shield of Michigan Mutual Ins. Co. ,No ,2,2,N/A ,2
H8121 ,Ascension Complete ,CENTENE VENTURE COMPANY TENNESSEE ,Centene Corporation ,No ,N/A ,N/A ,N/A ,N/A
H8133 ,Blue Cross and Blue Shield of Texas ,GHS INSURANCE COMPANY ,Health Care Service Corporation ,No ,4,3,N/A ,4
H8142 ,Baylor Scott & White Health Plan ,SCOTT AND WHITE HEALTH PLAN ,Baylor Scott & White Health ,No ,3,2,N/A ,2
H8145 ,Humana ,HUMANA INSURANCE COMPANY ,Humana Inc. ,No ,4,3,N/A ,5
H8166 ,Highmark Blue Cross Blue Shield ,HIGHMARK BCBSD INC. ,Highmark Health ,No ,3,2,N/A ,2
H8173 ,Devoted Health ,"DEVOTED HEALTH PLAN OF ARIZONA, INC. ","Devoted Health, Inc. ",No ,4,3,N/A ,5
H8176 ,Molina Healthcare of South Carolina ,"MOLINA HEALTHCARE OF SOUTH CAROLINA,INC ","Molina Healthcare, Inc. ",No ,7,5,N/A ,8
H8181 ,Blue Cross and Blue Shield of Nebraska ,"SAPPHIRE EDGE, INC. ",Blue Cross Blue Shield of Nebraska ,No ,2,2,N/A ,2
H8189 ,Wellcare by Allwell ,MANAGED HEALTH SERVICES INSURANCE CORP. ,Centene Corporation ,No ,8,6,N/A ,9
H8211 ,UnitedHealthcare ,CARE IMPROVEMENT PLUS SOUTH CENTRAL INSURANCE CO. ,"UnitedHealth Group, Inc. ",No ,5,4,N/A ,5
H8212 ,AmeriHealth Caritas VIP Care ,"AMERIHEALTH CARITAS NORTH CAROLINA, INC. ","Independence Health Group, Inc. ",No ,N/A ,N/A ,N/A ,N/A
H8298 ,Horizon Blue Cross Blue Shield of New Jersey ,"HORIZON HEALTHCARE OF NEW JERSEY, INC. ","Horizon Mutual Holdings, Inc ",No ,8,6,N/A ,9
H8320 ,Devoted Health ,"Devoted of Illinois, Inc. ","Devoted Health, Inc. ",No ,N/A ,N/A ,N/A ,N/A
H8330 ,Tufts Health Plan ,TUFTS ASSOCIATED HEALTH MAINTENANCE ORGANIZATION ,"Point32Health, Inc. ",No ,6,5,N/A ,5
H8332 ,Aetna Medicare ,AETNA BETTER HEALTH OF KANSAS INC. ,CVS Health Corporation ,No ,4,3,N/A ,4
H8379 ,Priority Health Medicare ,"PRIORITY HEALTH CHOICE, INC. ",Corewell Health ,No ,8,6,N/A ,9
H8385 ,Align powered by Sanford Health Plan ,SANFORD HEALTH PLAN ,Sanford Health ,No ,2,2,N/A ,2
H8390 ,CareSource ,CARESOURCE GEORGIA CO. ,CareSource ,No ,8,6,N/A ,9
H8432 ,Anthem Blue Cross and Blue Shield HP ,"ANTHEM HP, LLC. ","Elevance Health, Inc. ",No ,4,3,N/A ,4
H8457 ,Longevity Health Plan ,"LONGEVITY HEALTH PLAN OF NEW YORK, INC. ","Longevity Health Founders, LLC ",No ,6,5,N/A ,8
H8481 ,HMSA Akamai Advantage Dual Care ,HAWAII MEDICAL SERVICE ASSOCIATION (HMSA) ,Hawaii Medical Service Association ,No ,N/A ,N/A ,N/A ,N/A
H8492 ,American Health Advantage of Louisiana ,DIGNITY CARE CORPORATION ,Mitchell Family Office ,No ,7,5,N/A ,8
H8547 ,Blue Cross and Blue Shield of Illinois ,ILLINOIS BLUE CROSS BLUE SHIELD INSURANCE COMPANY ,Health Care Service Corporation ,No ,4,3,N/A ,4
H8552 ,Anthem Blue Cross Life and Health Insurance Compan ,ANTHEM BLUE CROSS LIFE AND HEALTH INS COMPANY ,"Elevance Health, Inc. ",No ,4,3,N/A ,4
H8554 ,"Blue Cross and Blue Shield of OK, TX ",GHS INSURANCE COMPANY ,Health Care Service Corporation ,No ,4,3,N/A ,4
H8578 ,Health New England Medicare Advantage Plans ,"HEALTH NEW ENGLAND, INC. ","Baystate Health, Inc. ",No ,2,2,N/A ,2
H8597 ,Aetna Medicare ,AETNA BETTER HEALTH OF TEXAS INC. ,CVS Health Corporation ,No ,8,6,N/A ,9
H8604 ,The Health Plan ,THP INSURANCE COMPANY ,"The Health Plan of West Virginia, Inc. ",No ,3,3,N/A ,2
H8634 ,"Blue Cross and Blue Shield of IL, NM, OK, TX ",HEALTH CARE SERVICE CORPORATION ,Health Care Service Corporation ,No ,4,2,N/A ,4
H8649 ,Aetna Medicare ,AETNA HEALTH OF UTAH INC. ,CVS Health Corporation ,No ,4,3,N/A ,4
H8711 ,Wellcare ,WELLCARE HEALTH INSURANCE COMPANY OF NEW JERSEY ,Centene Corporation ,No ,5,4,N/A ,5
H8764 ,Aspire Health ,ASPIRE HEALTH PLAN ,Montage Health ,No ,3,2,N/A ,3
H8768 ,UnitedHealthcare ,CARE IMPROVEMENT PLUS SOUTH CENTRAL INSURANCE CO. ,"UnitedHealth Group, Inc. ",No ,4,2,N/A ,3
H8783 ,UCare ,"UCARE HEALTH, INC. ",UCare Minnesota ,No ,1,1,N/A ,1
H8794 ,Kaiser Permanente ,"KAISER FOUNDATION HP, INC. ","Kaiser Foundation Health Plan, Inc. ",No ,7,5,N/A ,8
H8797 ,Perennial Advantage ,"PERENNIAL ADVANTAGE OF OHIO, INC. ","Perennial Consortium, LLC ",No ,7,4,N/A ,8
H8832 ,Alignment Health Plan ,ALIGNMENT HEALTH ADVANTAGE PLAN INC ,"Alignment Healthcare USA, LLC ",No ,N/A ,N/A ,N/A ,N/A
H8845 ,Molina Healthcare of Arizona ,"MOLINA HEALTHCARE OF ARIZONA, INC. ","Molina Healthcare, Inc. ",No ,7,4,N/A ,8
H8849 ,Wellpoint ,WELLPOINT INSURANCE COMPANY ,"Elevance Health, Inc. ",No ,6,3,N/A ,7
H8854 ,CareFirst BlueCross BlueShield Medicare Advantage ,"CAREFIRST ADVANTAGE DSNP, INC. ","CareFirst, Inc. ",No ,8,6,N/A ,9
H8879 ,"Healthy Mississippi, Inc. ","Healthy Mississippi, Inc. ",Singh Holdings LLC ,No ,N/A ,N/A ,N/A ,N/A
H8889 ,Medica ,MEDICA HEALTH PLANS ,Medica Holding Company ,No ,1,1,N/A ,1
H8894 ,IEHP DualChoice ,Inland Empire Health Plan ,INLAND EMPIRE HEALTH PLAN ,No ,7,5,N/A ,8
H8902 ,SCAN Health Plan ,"SCAN HEALTH PLAN TEXAS, INC. ",SCAN Group ,No ,4,3,N/A ,4
H8908 ,Humana ,"HUMANA MEDICAL PLAN OF MICHIGAN, INC. ",Humana Inc. ,No ,6,5,N/A ,7
H8917 ,Devoted Health ,DEVOTED HEALTH INSURANCE COMPANY OF WASHINGTON ,"Devoted Health, Inc. ",No ,N/A ,N/A ,N/A ,N/A
H8928 ,Fallon Health ,FALLON COMMUNITY HEALTH PLAN ,"Fallon Community Health Plan, Inc. ",No ,6,5,N/A ,8
H8947 ,Peak Health ,PEAK HEALTH INSURANCE CORPORATION ,"West Virginia United Health System, Inc. ",No ,4,3,N/A ,4
H8967 ,Great Plains Medicare Advantage ,SANFORD HEALTH PLAN ,Sanford Health ,No ,7,4,N/A ,8
H9001 ,Fallon Health ,FALLON COMMUNITY HEALTH PLAN ,"Fallon Community Health Plan, Inc. ",No ,4,3,N/A ,4
H9003 ,Kaiser Permanente ,KAISER FOUNDATION HP OF THE N W ,"Kaiser Foundation Health Plan, Inc. ",No ,2,2,N/A ,2
H9042 ,MyTruAdvantage ,"SOUTHEASTERN INDIANA HEALTH ORGANIZATION, INC. ","SIHO Holding, Inc. ",No ,2,2,N/A ,2
H9047 ,Providence Medicare Advantage Plans ,PROVIDENCE HEALTH ASSURANCE ,Providence St Joseph Health ,No ,3,2,N/A ,3
H9065 ,AMH Health ,"AMH HEALTH, LLC ","Elevance Health, Inc. ",No ,6,4,N/A ,7
H9066 ,Nascentia Health Plus ,VISITING NURSE ASSOCIATION OF CENTRAL NEW YORK ,VISITING NURSE ASSOCIATION OF CENTRAL NEW YORK ,No ,7,5,N/A ,8
H9096 ,Dean Advantage ,"DEAN HEALTH PLAN, INC. ",Medica Holding Company ,No ,2,1,N/A ,2
H9147 ,Blue Cross and Blue Shield of North Carolina ,BLUE CROSS AND BLUE SHIELD OF NC SENIOR HEALTH ,CuraCor Solutions Corp. ,No ,8,6,N/A ,9
H9153 ,West Virginia Senior Advantage ,"WEST VIRGINIA SENIOR ADVANTAGE, INC. ","SNP Holdings, LLC ",No ,7,5,N/A ,8
H9179 ,Trinity Health Plan of Michigan ,TRINITY HEALTH PLAN OF MICHIGAN INC ,Trinity Health Corporation ,No ,4,2,N/A ,4
H9191 ,Provider Partners Health Plans ,"PROVIDER PARTNERS HEALTH PLAN OF MISSOURI, INC. ","Rifkin Managed Care Holding, LLC ",No ,7,5,N/A ,8
H9207 ,Jefferson Health Plans ,"HEALTH PARTNERS PLANS, INC. ",Thomas Jefferson University ,No ,7,4,N/A ,8
H9219 ,AMH Health ,"AMH HEALTH PLANS OF MAINE, INC. ","Elevance Health, Inc. ",No ,3,N/A ,N/A ,N/A
H9231 ,Devoted Health ,DEVOTED HEALTH INSURANCE COMPANY OF TENNESSEE INC ,"Devoted Health, Inc. ",No ,4,3,N/A ,5
H9306 ,Alterwood Advantage ,"ALTERWOOD ADVANTAGE, INC. ","LifeBridge Health, Inc. ",No ,5,4,N/A ,6
H9314 ,Aetna Medicare HIDE ,AETNA BETTER HEALTH OF MICHIGAN INC. ,CVS Health Corporation ,No ,N/A ,N/A ,N/A ,N/A
H9326 ,WyoBlue Advantage ,WYOBLUE ADVANTAGE INC ,Blue Cross Blue Shield of Michigan Mutual Ins. Co. ,No ,N/A ,N/A ,N/A ,N/A
H9364 ,Wellcare ,"WELLCARE OF MAINE, INC. ",Centene Corporation ,No ,6,5,N/A ,7
H9387 ,Wellcare By Allwell ,"SUNFLOWER STATE HEALTH PLAN, INC. ",Centene Corporation ,No ,5,4,N/A ,7
H9412 ,Geisinger Gold ,"GEISINGER QUALITY OPTIONS, INC. ","Risant Health, Inc. ",No ,N/A ,N/A ,N/A ,N/A
H9431 ,Aetna Medicare ,FIRST HEALTH LIFE & HEALTH INSURANCE COMPANY ,CVS Health Corporation ,No ,4,3,N/A ,4
H9460 ,Cigna HealthCare ,"HEALTHSPRING LIFE & HEALTH INSURANCE COMPANY, INC. ",Health Care Service Corporation ,No ,4,4,N/A ,5
H9485 ,Mass General Brigham Health Plan ,"Mass General Brigham Health Plan, Inc. ",Mass General Brigham Incorporated ,No ,3,2,N/A ,3
H9489 ,Vermont Blue Advantage ,"VERMONT BLUE ADVANTAGE, INC. ",Blue Cross Blue Shield of Michigan Mutual Ins. Co. ,No ,4,2,N/A ,3
H9525 ,Anthem Blue Cross and Blue Shield ,COMPCARE HEALTH SERVICES INSURANCE CORPORATION ,"Elevance Health, Inc. ",No ,5,4,N/A ,7
H9572 ,Blue Cross Blue Shield of Michigan ,BCBS OF MICHIGAN MUTUAL INSURANCE COMPANY ,Blue Cross Blue Shield of Michigan Mutual Ins. Co. ,No ,1,1,N/A ,1
H9589 ,Clear Spring Health ,"CLEAR SPRING HEALTH (GA), INC. ",Group 1001 ,No ,5,4,N/A ,6
H9590 ,Longevity Health ,"LONGEVITY HEALTH PLAN OF ILLINOIS, INC. ","Longevity Health Founders, LLC ",No ,7,5,N/A ,8
H9615 ,MVP HEALTH CARE ,"MVP HEALTH PLAN, INC. ","MVP Health Care, Inc. ",No ,2,2,N/A ,2
H9623 ,Gold Coast Health Plan ,Ventura County Medi-Cal Managed Care Commission ,Ventura County Medi-Cal Managed Care Commission ,No ,N/A ,N/A ,N/A ,N/A
H9630 ,Wellcare By Allwell ,"ARKANSAS HEALTH & WELLNESS HEALTH PLAN, INC. ",Centene Corporation ,No ,6,4,N/A ,7
H9678 ,Healthfirst Medicare Plan ,"HEALTHFIRST INSURANCE COMPANY, INC. ","Healthfirst, Inc. ",No ,3,2,N/A ,3
H9686 ,Alignment Health Plan ,"ALIGNMENT HEALTH PLAN OF NEVADA, INC. ","Alignment Healthcare USA, LLC ",No ,4,3,N/A ,5
H9690 ,American Health Advantage of Indiana ,AMERICAN HEALTH PLAN OF INDIANA INC ,Mitchell Family Office ,No ,7,5,N/A ,8
H9699 ,Arkansas Blue Medicare ,"USABLE HMO, INC. ",USAble Mutual Insurance Company ,No ,4,3,N/A ,4
H9700 ,Devoted Health ,DEVOTED HEALTH PLAN OF NORTH CAROLINA INC ,"Devoted Health, Inc. ",No ,N/A ,N/A ,N/A ,N/A
H9706 ,Blue Cross and Blue Shield of Texas ,HCSC INSURANCE SERVICES COMPANY ,Health Care Service Corporation ,No ,4,3,N/A ,4
H9725 ,Cigna HealthCare ,"BRAVO HEALTH PENNSYLVANIA, INC. ",Health Care Service Corporation ,No ,4,3,N/A ,4
H9730 ,Wellcare ,"WELLCARE HEALTH INSURANCE COMPANY OF KENTUCKY, INC ",Centene Corporation ,No ,6,5,N/A ,7
H9771 ,Aetna Medicare FIDE ,AETNA BETTER HEALTH PREMIER PLAN MMAI INC. ,CVS Health Corporation ,No ,N/A ,N/A ,N/A ,N/A
H9802 ,Devoted Health ,DEVOTED HEALTH INSURANCE COMPANY OF NEBRASKA ,"Devoted Health, Inc. ",No ,N/A ,N/A ,N/A ,N/A
H9808 ,HealthTeam Advantage ,CARE N' CARE INSURANCE COMPANY OF NORTH CAROLINA ,"Risant Health, Inc. ",No ,1,1,N/A ,1
H9811 ,Wellcare By Allwell ,"MAGNOLIA HEALTH PLAN, INC. ",Centene Corporation ,No ,N/A ,N/A ,N/A ,N/A
H9826 ,Community Health Choice ,"COMMUNITY HEALTH CHOICE TEXAS, INC. ",Harris County Hospital District ,No ,7,5,N/A ,8
H9827 ,Trinity Health Plan New York ,"MOUNT CARMEL HEALTH PLAN OF NEW YORK, INC. ",Trinity Health Corporation ,No ,4,3,N/A ,4
H9834 ,Quartz Medicare Advantage (HMO) ,QUARTZ HEALTH PLAN MN CORPORATION ,University of Wisconsin Hospitals and Clincs Autho ,No ,1,1,N/A ,1
H9884 ,Devoted Health ,DEVOTED HEALTH INSURANCE COMPANY ,"Devoted Health, Inc. ",No ,3,2,N/A ,2
H9888 ,Devoted Health ,DEVOTED HEALTH INSURANCE COMPANY OF ALABAMA INC ,"Devoted Health, Inc. ",No ,4,4,N/A ,5
H9904 ,Mass Advantage ,"CENTRAL MASS HEALTH, LLC ",Central Mass Health Holding LLC ,No ,4,3,N/A ,4
H9907 ,Tufts Health Plan ,TUFTS ASSOCIATED HEALTH MAINTENANCE ORGANIZATION ,"Point32Health, Inc. ",No ,4,2,N/A ,3
H9909 ,American Health Advantage of MS ,"AMERICAN HEALTH PLAN OF MS, INC. ",Mitchell Family Office ,No ,8,6,N/A ,9
H9916 ,Wellcare ,"WELLCARE HEALTH INSURANCE OF ARIZONA, INC. ",Centene Corporation ,No ,N/A ,N/A ,N/A ,N/A
H9917 ,Align Senior Care ,"ALIGN SENIOR CARE FLORIDA, INC. ","Curana Health Holdings, LLC ",No ,6,3,N/A ,8
H9942 ,Longevity Health Plan ,LONGEVITY HEALTH PLAN OF NEW JERSEY INSURANCE COMP ,"Longevity Health Founders, LLC ",No ,7,5,N/A ,8
H9955 ,Molina Healthcare of Ohio ,"MOLINA HEALTHCARE OF OHIO, INC. ","Molina Healthcare, Inc. ",No ,7,4,N/A ,8
H9968 ,American Health Advantage of Pennsylvania ,AMERICAN HEALTH PLAN OF PENNSYLVANIA INC ,Mitchell Family Office ,No ,N/A ,N/A ,N/A ,N/A
H9977 ,Devoted Health ,"DEVOTED HEALTH PLAN OF NEW MEXICO, INC. ","Devoted Health, Inc. ",No ,N/A ,N/A ,N/A ,N/A
H9986 ,Florida Complete Care ,"HPMP OF FLORIDA, INC. ","Independent Living Systems, LLC ",No ,7,5,N/A ,8
R0110 ,Humana ,HUMANA INSURANCE COMPANY ,Humana Inc. ,No ,4,3,N/A ,4
R0759 ,UnitedHealthcare ,CARE IMPROVEMENT PLUS SOUTH CENTRAL INSURANCE CO. ,"UnitedHealth Group, Inc. ",No ,3,2,N/A ,3
R1532 ,Humana ,HUMANA INSURANCE COMPANY ,Humana Inc. ,No ,4,3,N/A ,4
R2604 ,UnitedHealthcare ,CARE IMPROVEMENT PLUS SOUTH CENTRAL INSURANCE CO. ,"UnitedHealth Group, Inc. ",No ,5,4,N/A ,5
R3175 ,UnitedHealthcare ,UNITEDHEALTHCARE INSURANCE COMPANY ,"UnitedHealth Group, Inc. ",No ,8,N/A ,N/A ,N/A
R3444 ,UnitedHealthcare ,CARE IMPROVEMENT PLUS SOUTH CENTRAL INSURANCE CO. ,"UnitedHealth Group, Inc. ",No ,5,4,N/A ,5
R4182 ,Humana ,HUMANA INSURANCE COMPANY ,Humana Inc. ,No ,4,3,N/A ,4
R5342 ,UnitedHealthcare ,CARE IMPROVEMENT PLUS SOUTH CENTRAL INSURANCE CO. ,"UnitedHealth Group, Inc. ",No ,3,N/A ,N/A ,N/A
R5361 ,Humana ,HUMANA INSURANCE COMPANY ,Humana Inc. ,No ,3,2,N/A ,2
R5826 ,Humana ,HUMANA INSURANCE COMPANY ,Humana Inc. ,No ,3,3,N/A ,4
R5941 ,Anthem Blue Cross and Blue Shield ,"ANTHEM INSURANCE COMPANIES, INC. ","Elevance Health, Inc. ",No ,2,2,N/A ,2
R6694 ,Aetna Medicare ,AETNA LIFE INSURANCE COMPANY ,CVS Health Corporation ,No ,3,2,N/A ,2
R6801 ,UnitedHealthcare ,CARE IMPROVEMENT PLUS SOUTH CENTRAL INSURANCE CO. ,"UnitedHealth Group, Inc. ",No ,5,4,N/A ,6
R7220 ,Humana ,HUMANA INSURANCE COMPANY ,Humana Inc. ,No ,3,3,N/A ,4
R7444 ,UnitedHealthcare ,CARE IMPROVEMENT PLUS SOUTH CENTRAL INSURANCE CO. ,"UnitedHealth Group, Inc. ",No ,4,2,N/A ,4
S0262 ,Kaiser Permanente ,KAISER PERMANENTE INSURANCE COMPANY ,"Kaiser Foundation Health Plan, Inc. ",No ,N/A ,N/A ,N/A ,N/A
S0375 ,CareFirst BlueCross BlueShield Group Prescription ,"CAREFIRST ADVANTAGE PPO, INC ","CareFirst, Inc. ",No ,N/A ,N/A ,N/A ,N/A
S0586 ,MVP Health Care ,"MVP HEALTH PLAN, INC. ","MVP Health Care, Inc. ",No ,N/A ,N/A ,2,N/A
S1030 ,BlueRx (PDP) ,BCBS OF ALABAMA & UTIC INSURANCE COMPANY ,BlueCross BlueShield of Alabama ,No ,N/A ,N/A ,2,N/A
S1140 ,Highmark Blue Cross Blue Shield or Highmark Blue S ,Highmark Western and Northeastern New York Inc. ,Highmark Health ,No ,N/A ,N/A ,2,N/A
S1822 ,HealthPartners ,"HEALTHPARTNERS, INC. ","HealthPartners, Inc. ",No ,N/A ,N/A ,1,N/A
S2135 ,Blue Cross Blue Shield Association ,BLUE CROSS BLUE SHIELD ASSOCIATION ,"BlueCross BlueShield Association, Federal Employee ",No ,N/A ,N/A ,1,N/A
S2468 ,Blue Shield of California ,CALIFORNIA PHYSICIANS' SERVICE ,California Physicians' Service ,No ,N/A ,N/A ,1,N/A
S2893 ,Blue MedicareRx ,ANTHEM INSURANCE CO. & BCBSMA & BCBSRI & BCBSVT ,"Elevance Health, Inc. & BCBSMA & BCBSRI & BCBSVT ",No ,N/A ,N/A ,2,N/A
S3285 ,MG Insurance Company ,MG INSURANCE COMPANY ,"MedImpact Holdings, Inc. ",No ,N/A ,N/A ,2,N/A
S3389 ,UPMC Health Plan ,"UPMC HEALTH BENEFITS, INC. ",UPMC Health System ,No ,N/A ,N/A ,1,N/A
S3521 ,"Excellus Health Plan, Inc ","EXCELLUS HEALTH PLAN, INC. ","Lifetime Healthcare, Inc. ",No ,N/A ,N/A ,1,N/A
S3875 ,Granite Alliance ,GRANITE ALLIANCE INSURANCE COMPANY ,"Prime Therapeutics, LLC. ",No ,N/A ,N/A ,N/A ,N/A
S3994 ,HMSAs Medicare Rx Plan ,HAWAII MEDICAL SERVICE ASSOCIATION (HMSA) ,Hawaii Medical Service Association ,No ,N/A ,N/A ,N/A ,N/A
S4501 ,Pharmacy Benefit Dimensions PDP ,INDEPENDENT HEALTH BENEFITS CORPORATION ,"Independent Health Association, Inc. ",No ,N/A ,N/A ,2,N/A
S4802 ,Wellcare ,"WELLCARE PRESCRIPTION INSURANCE, INC. ",Centene Corporation ,No ,N/A ,N/A ,3,N/A
S4983 ,Kaiser Permanente ,KAISER FOUNDATION HEALTH PLAN OF WASHINGTON OPTION ,"Kaiser Foundation Health Plan, Inc. ",No ,N/A ,N/A ,N/A ,N/A
S5450 ,BlueScripts ,"SECURITYCARE OF TENNESSEE, INC. ",BlueCross BlueShield of Tennessee ,No ,N/A ,N/A ,N/A ,N/A
S5540 ,Blue Cross and Blue Shield of North Carolina ,BLUE CROSS AND BLUE SHIELD OF NORTH CAROLINA ,CuraCor Solutions Corp. ,No ,N/A ,N/A ,1,N/A
S5584 ,Blue Cross Blue Shield of Michigan ,BCBS OF MICHIGAN MUTUAL INSURANCE COMPANY ,Blue Cross Blue Shield of Michigan Mutual Ins. Co. ,No ,N/A ,N/A ,2,N/A
S5593 ,Highmark Blue Shield ,HM HEALTH INSURANCE COMPANY ,Highmark Health ,No ,N/A ,N/A ,3,N/A
S5596 ,"Anthem Insurance Companies, Inc. ","ANTHEM INSURANCE COMPANIES, INC. ","Elevance Health, Inc. ",No ,N/A ,N/A ,2,N/A
S5601 ,Aetna Medicare ,SILVERSCRIPT INSURANCE COMPANY ,CVS Health Corporation ,No ,N/A ,N/A ,3,N/A
S5609 ,Asuris Northwest Health ,ASURIS NORTHWEST HEALTH ,"Cambia Health Solutions, Inc. ",No ,N/A ,N/A ,2,N/A
S5617 ,Cigna HealthCare ,MEDCO CONTAINMENT LIFE AND MEDCO CONTAINMENT NY ,Health Care Service Corporation ,No ,N/A ,N/A ,3,N/A
S5660 ,Express Scripts Medicare ,MEDCO CONTAINMENT LIFE AND MEDCO CONTAINMENT NY ,Health Care Service Corporation ,No ,N/A ,N/A ,1,N/A
S5715 ,"Blue Cross and Blue Shield of IL, NM, OK, TX ",Health Care Service Corporation ,Health Care Service Corporation ,No ,N/A ,N/A ,2,N/A
S5726 ,Blue Cross and Blue Shield of Kansas ,BLUE CROSS AND BLUE SHIELD OF KANSAS ,Blue Cross Blue Shield of Kansas ,No ,N/A ,N/A ,1,N/A
S5743 ,MedicareBlue Rx ,"WELLMARK  IA & SD, & BCBS MN, MT, NE, ND,& WY ","BCBS MN, MT, NE, ND, WY, Wellmark IA and SD ",No ,N/A ,N/A ,1,N/A
S5795 ,Arkansas Blue Medicare ,USABLE MUTUAL INSURANCE COMPANY ,USAble Mutual Insurance Company ,No ,N/A ,N/A ,2,N/A
S5805 ,UnitedHealthcare ,UNITEDHEALTHCARE INSURANCE COMPANY OF NEW YORK ,"UnitedHealth Group, Inc. ",No ,N/A ,N/A ,2,N/A
S5820 ,UnitedHealthcare ,UNITEDHEALTHCARE INSURANCE COMPANY ,"UnitedHealth Group, Inc. ",No ,N/A ,N/A ,2,N/A
S5857 ,Priority Health Medicare ,PRIORITY HEALTH INSURANCE COMPANY ,Corewell Health ,No ,N/A ,N/A ,1,N/A
S5877 ,EMI Health ,EDUCATORS MUTUAL INSURANCE ASSOCIATION ,Educators Mutual Insurance Association ,No ,N/A ,N/A ,1,N/A
S5884 ,Humana ,Humana Insurance Co. & Humana Insurance Co. of NY ,Humana Inc. ,No ,N/A ,N/A ,3,N/A
S5904 ,Florida Blue ,"BLUE CROSS AND BLUE SHIELD OF FLORIDA, INC. ",Guidewell Mutual Holding Corporation ,No ,N/A ,N/A ,1,N/A
S5916 ,Regence BlueShield of Idaho and Regence BC BS Utah ,REGENCE BLUESHIELD OF IDAHO AND REGENCE BC BS UTAH ,"Cambia Health Solutions, Inc. ",No ,N/A ,N/A ,2,N/A
S5921 ,UnitedHealthcare ,UNITEDHEALTHCARE INS. CO. & UHC INS. CO. OF NY ,"UnitedHealth Group, Inc. ",No ,N/A ,N/A ,3,N/A
S5953 ,Blue Cross Blue Shield of South Carolina ,BLUECROSS AND BLUESHIELD OF SOUTH CAROLINA ,BlueCross BlueShield of South Carolina (BCBSSC) ,No ,N/A ,N/A ,1,N/A
S5960 ,Wellpoint ,WELLPOINT LIFE AND HEALTH INSURANCE COMPANY ,"Elevance Health, Inc. ",No ,N/A ,N/A ,3,N/A
S5966 ,EmblemHealth ,"EMBLEMHEALTH PLAN, INC ","EmblemHealth, Inc. ",No ,N/A ,N/A ,1,N/A
S5975 ,"Moda Health Plan, Inc. ","MODA HEALTH PLAN, INC. ","Moda Partners, Inc. ",No ,N/A ,N/A ,1,N/A
S5993 ,Horizon Blue Cross Blue Shield of New Jersey ,HORIZON INSURANCE COMPANY ,"Horizon Mutual Holdings, Inc ",No ,N/A ,N/A ,2,N/A
S6875 ,Independence Blue Cross ,QCC INSURANCE COMPANY ,"Independence Health Group, Inc. ",No ,N/A ,N/A ,1,N/A
S6939 ,Mass General Brigham Health Plan ,"MASS GENERAL BRIGHAM HEALTH PLAN, INC ",Mass General Brigham Incorporated ,No ,N/A ,N/A ,N/A ,N/A
S8067 ,Avalon Insurance Company ,Avalon Insurance Company ,CAPITAL BLUE CROSS ,No ,N/A ,N/A ,1,N/A
S8841 ,"Optum Insurance of Ohio, Inc. ","OPTUM INSURANCE OF OHIO, INC. ","UnitedHealth Group, Inc. ",No ,N/A ,N/A ,1,N/A
S9701 ,Navitus MedicareRx ,"DEAN HEALTH INSURANCE, INC. ",Medica Holding Company ,No ,N/A ,N/A ,1,N/A
